"","ProjID","IndivID","SampleID","NameConvention","Species","CommonName","PCL_cm","FL_cm","TL_cm","Weight_g","Sex","Date","Lat","Long","FishingType","TrawlStation","TrawlName","Person","d13C","d13C_SD","WT.C","WT.C_SD","d15N","d15N_SD","WT.N","WT.N_SD","d34S","d34S_SD","WT.S","WT.S_SD","CN","Tissue","LipidExtraction","UreaExtraction","ExtractionNotes","OtherData","Notes","X","Environmental.Variables.from.the.trawl","CommonNameTissue","meand13C","sdd13C","meand15N","sdd15N","kmeans"
"1","DESG","","CS-2020-01",NA,"Callinectes sapidus","Blue Crab",NA,"",5.3,7.36,"","8/20/20",39.121233,-75.261683,"Trawl","41","DNREC","DS",-16.394,NA,NA,NA,12.393,NA,NA,NA,NA,NA,NA,NA,2.955,"","","","LE","","",NA,NA,"Blue Crab",-17.86870506375,1.27481042911917,13.8458914845,1.05970010833205,4
"2","DESG","","CS-2020-02",NA,"Callinectes sapidus","Blue Crab",NA,"",6.1,11.37,"","8/20/20",39.121233,-75.261683,"Trawl","41","DNREC","DS",-16.15,NA,NA,NA,12.69,NA,NA,NA,NA,NA,NA,NA,3.764,"","","","LE","","",NA,NA,"Blue Crab",-17.86870506375,1.27481042911917,13.8458914845,1.05970010833205,4
"3","DESG","","CS-2020-03",NA,"Callinectes sapidus","Blue Crab",NA,"",5.8,10.2,"","8/20/20",39.121233,-75.261683,"Trawl","41","DNREC","DS",-16.15,NA,NA,NA,13.6,NA,NA,NA,NA,NA,NA,NA,NA,"","","","LE","","",NA,NA,"Blue Crab",-17.86870506375,1.27481042911917,13.8458914845,1.05970010833205,4
"4","DESG","","CS-2020-04",NA,"Callinectes sapidus","Blue Crab",NA,"",5.5,7.64,"","8/20/20",39.121233,-75.261683,"Trawl","41","DNREC","DS",-16.835,NA,NA,NA,13.503,NA,NA,NA,NA,NA,NA,NA,3.236,"","","","LE","","",NA,NA,"Blue Crab",-17.86870506375,1.27481042911917,13.8458914845,1.05970010833205,4
"5","DESG","","OC-2020-1",NA,"Ovalipes ocellatus","Lady Crab",NA,"",6.4,37.39,"","8/19/20",38.9378,-75.127983,"Trawl","62","DNREC","DS",-16.434,NA,NA,NA,12.264,NA,NA,NA,14.87,0.38,1.13,0.017,3.131,"","","","LE","","",NA,NA,"Lady Crab",-17.01889162625,0.785165507172627,12.4631694925,0.39643425536616,1
"6","DESG","","OC-2020-2",NA,"Ovalipes ocellatus","Lady Crab",NA,"",6.2,32.51,"","8/19/20",38.9378,-75.127983,"Trawl","62","DNREC","DS",-16.116,NA,NA,NA,12.463,NA,NA,NA,NA,NA,NA,NA,3.104,"","","","LE","","",NA,NA,"Lady Crab",-17.01889162625,0.785165507172627,12.4631694925,0.39643425536616,1
"7","DESG","","OC-2020-3",NA,"Ovalipes ocellatus","Lady Crab",NA,"",4.5,15.22,"","8/19/20",38.9378,-75.127983,"Trawl","62","DNREC","DS",-16.454,NA,NA,NA,12.543,NA,NA,NA,NA,NA,NA,NA,3.105,"","","","LE","","",NA,NA,"Lady Crab",-17.01889162625,0.785165507172627,12.4631694925,0.39643425536616,1
"8","DESG","","OC-2020-4",NA,"Ovalipes ocellatus","Lady Crab",NA,"",8.1,75.47,"","8/19/20",38.9378,-75.127983,"Trawl","62","DNREC","DS",-16.87,NA,NA,NA,12.511,NA,NA,NA,NA,NA,NA,NA,2.926,"","","","LE","","",NA,NA,"Lady Crab",-17.01889162625,0.785165507172627,12.4631694925,0.39643425536616,1
"9","DESG","","OC-2020-5",NA,"Ovalipes ocellatus","Lady Crab",NA,"",5.9,36.52,"","8/19/20",38.9378,-75.127983,"Trawl","62","DNREC","DS",-17.654,NA,NA,NA,11.931,NA,NA,NA,NA,NA,NA,NA,3.017,"","","","LE","","",NA,NA,"Lady Crab",-17.01889162625,0.785165507172627,12.4631694925,0.39643425536616,1
"10","DESG","","OC-2020-6",NA,"Ovalipes ocellatus","Lady Crab",NA,"",5.6,20.86,"","8/19/20",38.9378,-75.127983,"Trawl","62","DNREC","DS",-18.709,NA,NA,NA,12.267,NA,NA,NA,NA,NA,NA,NA,3.528,"","","","LE","","",NA,NA,"Lady Crab",-17.01889162625,0.785165507172627,12.4631694925,0.39643425536616,1
"11","DESG","","OC-2020-7",NA,"Ovalipes ocellatus","Lady Crab",NA,"",4.8,18.27,"","8/19/20",38.9378,-75.127983,"Trawl","62","DNREC","DS",-17.324,NA,NA,NA,12.254,NA,NA,NA,NA,NA,NA,NA,3.169,"","","","LE","","",NA,NA,"Lady Crab",-17.01889162625,0.785165507172627,12.4631694925,0.39643425536616,1
"12","DESG","","OC-2021-1",NA,"Ovalipes ocellatus","Lady Crab",NA,"",4.5,15.24,"","6/14/21",38.9362833,-75.1278833,"Trawl","62","DNREC","DS",-16.06,NA,NA,NA,12.808,NA,NA,NA,NA,NA,NA,NA,3.041,"","","","LE","","",NA,NA,"Lady Crab",-17.01889162625,0.785165507172627,12.4631694925,0.39643425536616,1
"13","DESG","","OC-2021-2",NA,"Ovalipes ocellatus","Lady Crab",NA,"",4.7,20.69,"","6/14/21",38.9362833,-75.1278833,"Trawl","62","DNREC","DS",-16.211,NA,NA,NA,13.3,NA,NA,NA,NA,NA,NA,NA,3.153,"","","","LE","","",NA,NA,"Lady Crab",-17.01889162625,0.785165507172627,12.4631694925,0.39643425536616,1
"14","DESG","","OC-2021-3",NA,"Ovalipes ocellatus","Lady Crab",NA,"",5,27.54,"","6/14/21",38.9362833,-75.1278833,"Trawl","62","DNREC","DS",-16.601,NA,NA,NA,12.63,NA,NA,NA,NA,NA,NA,NA,3.083,"","","","LE","","",NA,NA,"Lady Crab",-17.01889162625,0.785165507172627,12.4631694925,0.39643425536616,1
"15","DESG","","OC-2021-4",NA,"Ovalipes ocellatus","Lady Crab",NA,"",6.1,46.74,"","6/14/21",38.9362833,-75.1278833,"Trawl","62","DNREC","DS",-16.266,NA,NA,NA,13.032,NA,NA,NA,NA,NA,NA,NA,3.22,"","","","LE","","",NA,NA,"Lady Crab",-17.01889162625,0.785165507172627,12.4631694925,0.39643425536616,1
"16","DESG","","OC-2021-5",NA,"Ovalipes ocellatus","Lady Crab",NA,"",4.5,19.81,"","6/14/21",38.9362833,-75.1278833,"Trawl","62","DNREC","DS",-16.771,NA,NA,NA,12.768,NA,NA,NA,NA,NA,NA,NA,3.076,"","","","LE","","",NA,NA,"Lady Crab",-17.01889162625,0.785165507172627,12.4631694925,0.39643425536616,1
"17","DESG","","OT-2020-1",NA,"Opsanus tau","Oyster Toadfish",NA,"",17.2,87.4,"","8/20/20",39.28485,-75.37075,"Trawl","21","DNREC","DS",-17.685,NA,NA,NA,16.151,NA,NA,NA,NA,NA,NA,NA,3.117,"","","","LE","","",NA,NA,"Oyster Toadfish",-17.6655,0.321605814624052,15.9298333333333,0.472121347395632,4
"18","DESG","","OT-2020-2",NA,"Opsanus tau","Oyster Toadfish",NA,"",17.9,99.14,"","8/20/20",39.28485,-75.37075,"Trawl","21","DNREC","DS",-17.807,NA,NA,NA,16.402,NA,NA,NA,NA,NA,NA,NA,3.069,"","","","LE","","",NA,NA,"Oyster Toadfish",-17.6655,0.321605814624052,15.9298333333333,0.472121347395632,4
"19","DESG","","OT-2020-3",NA,"Opsanus tau","Oyster Toadfish",NA,"",12.9,33.18,"","8/20/20",39.28485,-75.37075,"Trawl","21","DNREC","DS",-17.247,NA,NA,NA,15.056,NA,NA,NA,NA,NA,NA,NA,3.052,"","","","LE","","",NA,NA,"Oyster Toadfish",-17.6655,0.321605814624052,15.9298333333333,0.472121347395632,4
"20","DESG","","OT-2020-4",NA,"Opsanus tau","Oyster Toadfish",NA,"",17.9,100.1,"","8/20/20",39.28485,-75.37075,"Trawl","21","DNREC","DS",-17.395,NA,NA,NA,15.954,NA,NA,NA,NA,NA,NA,NA,3.027,"","","","LE","","",NA,NA,"Oyster Toadfish",-17.6655,0.321605814624052,15.9298333333333,0.472121347395632,4
"21","DESG","","OT-2020-5",NA,"Opsanus tau","Oyster Toadfish",NA,"",16.8,79.49,"","8/20/20",39.28485,-75.37075,"Trawl","21","DNREC","DS",-18.163,NA,NA,NA,16.19,NA,NA,NA,NA,NA,NA,NA,3.107,"","","","LE","","",NA,NA,"Oyster Toadfish",-17.6655,0.321605814624052,15.9298333333333,0.472121347395632,4
"22","DESG","","OT-2020-6",NA,"Opsanus tau","Oyster Toadfish",NA,"",15.1,64.7,"","8/20/20",39.28485,-75.37075,"Trawl","21","DNREC","DS",-17.696,NA,NA,NA,15.826,NA,NA,NA,NA,NA,NA,NA,3.056,"","","","LE","","",NA,NA,"Oyster Toadfish",-17.6655,0.321605814624052,15.9298333333333,0.472121347395632,4
"23","DESG","","PA-2020-1",NA,"Pseudopleuronectes americanus","Winter Flounder",NA,"",12,20.82,"","8/19/20",38.875633,-75.169883,"Trawl","71","DNREC","DS",-15.536,NA,NA,NA,13.581,NA,NA,NA,NA,NA,NA,NA,3.058,"","","","LE","","",NA,NA,"Winter Flounder",-15.536,NA,13.581,NA,3
"24","DESG","","PL-2020-1",NA,"Pagurus longicarpus","Long-clawed Hermit Crab",NA,"",5.6,1.59,"","8/19/20",38.9378,-75.127983,"Trawl","62","DNREC","DS",-17.786,NA,NA,NA,10.977,NA,NA,NA,NA,NA,NA,NA,3.305,"","","","LE","","",NA,NA,"Long-clawed Hermit Crab",-16.6133161464706,0.718452593364384,11.842859219,0.965767263870509,1
"25","DESG","","PL-2020-2",NA,"Pagurus longicarpus","Long-clawed Hermit Crab",NA,"",6.3,1.9,"","8/19/20",38.9378,-75.127983,"Trawl","62","DNREC","DS",-16.961,NA,NA,NA,12.308,NA,NA,NA,NA,NA,NA,NA,3.119,"","","","LE","","",NA,NA,"Long-clawed Hermit Crab",-16.6133161464706,0.718452593364384,11.842859219,0.965767263870509,1
"26","DESG","","PP-2020-1",NA,"Pagurus pollicaris","Broad-clawed Hermit Crab",NA,"",8.4,8.08,"","8/19/20",38.9378,-75.127983,"Trawl","62","DNREC","DS",-17.986,NA,NA,NA,9.173,NA,NA,NA,NA,NA,NA,NA,3.681,"","","","LE","","",NA,NA,"Broad-clawed Hermit Crab",-17.1053098907692,0.92518548344755,11.8352671115385,1.64763039025059,1
"27","DESG","","PP-2020-2",NA,"Pagurus pollicaris","Broad-clawed Hermit Crab",NA,"",8.7,8.14,"","8/19/20",38.9378,-75.127983,"Trawl","62","DNREC","DS",-17.874,NA,NA,NA,9.173,NA,NA,NA,NA,NA,NA,NA,3.767,"","","","LE","","",NA,NA,"Broad-clawed Hermit Crab",-17.1053098907692,0.92518548344755,11.8352671115385,1.64763039025059,1
"28","DESG","","PP-2020-3",NA,"Pagurus pollicaris","Broad-clawed Hermit Crab",NA,"",5.1,2.56,"","8/19/20",38.9378,-75.127983,"Trawl","62","DNREC","DS",-17.11,NA,NA,NA,11.7,NA,NA,NA,NA,NA,NA,NA,3.711,"","","","LE","","",NA,NA,"Broad-clawed Hermit Crab",-17.1053098907692,0.92518548344755,11.8352671115385,1.64763039025059,1
"29","DESG","","PP-2020-4",NA,"Pagurus pollicaris","Broad-clawed Hermit Crab",NA,"",6,3.23,"","8/19/20",38.9378,-75.127983,"Trawl","62","DNREC","DS",-18.085,NA,NA,NA,10.873,NA,NA,NA,NA,NA,NA,NA,3.455,"","","","LE","","",NA,NA,"Broad-clawed Hermit Crab",-17.1053098907692,0.92518548344755,11.8352671115385,1.64763039025059,1
"30","DESG","","SA-2020-1",NA,"Scophthalmus aquosus","Windowpane Flounder",NA,"",17.9,67.41,"","10/7/20",38.936917,-75.126483,"Trawl","62","DNREC","DS",-16.71,NA,NA,NA,16.03,NA,NA,NA,NA,NA,NA,NA,3.459,"","","","LE","","",NA,NA,"Windowpane Flounder",-15.8838,0.5534818876892,15.7504,0.279947852286814,4
"31","DESG","","SA-2020-2",NA,"Scophthalmus aquosus","Windowpane Flounder",NA,"",17.1,69.96,"","10/7/20",38.936917,-75.126483,"Trawl","62","DNREC","DS",-15.8,NA,NA,NA,15.8,NA,NA,NA,NA,NA,NA,NA,3.452,"","","","LE","","",NA,NA,"Windowpane Flounder",-15.8838,0.5534818876892,15.7504,0.279947852286814,4
"32","DESG","","SA-2020-3",NA,"Scophthalmus aquosus","Windowpane Flounder",NA,"",17.5,66.48,"","10/7/20",38.936917,-75.126483,"Trawl","62","DNREC","DS",-16.059,NA,NA,NA,15.422,NA,NA,NA,NA,NA,NA,NA,3.143,"","","","LE","","",NA,NA,"Windowpane Flounder",-15.8838,0.5534818876892,15.7504,0.279947852286814,4
"33","DESG","","SA-2020-4",NA,"Scophthalmus aquosus","Windowpane Flounder",NA,"",21,143.08,"","10/7/20",38.936917,-75.126483,"Trawl","62","DNREC","DS",-15.63,NA,NA,NA,15.5,NA,NA,NA,NA,NA,NA,NA,3.521,"","","","LE","","",NA,NA,"Windowpane Flounder",-15.8838,0.5534818876892,15.7504,0.279947852286814,4
"34","DESG","","SA-2020-5",NA,"Scophthalmus aquosus","Windowpane Flounder",NA,"",20.2,107.92,"","10/7/20",38.936917,-75.126483,"Trawl","62","DNREC","DS",-15.22,NA,NA,NA,16,NA,NA,NA,NA,NA,NA,NA,3.337,"","","","LE","","",NA,NA,"Windowpane Flounder",-15.8838,0.5534818876892,15.7504,0.279947852286814,4
"35","DESG","","TM-2020-01",NA,"Trinectes maculatus","Hogchoker",NA,"",13.7,29.003,"","8/19/20",38.9378,-75.127983,"Trawl","62","DNREC","DS",-16.803,NA,NA,NA,14.239,NA,NA,NA,NA,NA,NA,NA,3.007,"","","","LE","","",NA,NA,"Hogchoker",-18.1648315892,2.94942785950457,15.0505785064,1.04804765259145,4
"36","DESG","","TM-2020-02",NA,"Trinectes maculatus","Hogchoker",NA,"",15.9,52.54,"","8/19/20",38.9378,-75.127983,"Trawl","62","DNREC","DS",-17.186,NA,NA,NA,14.934,NA,NA,NA,NA,NA,NA,NA,3.095,"","","","LE","","",NA,NA,"Hogchoker",-18.1648315892,2.94942785950457,15.0505785064,1.04804765259145,4
"37","DESG","","TM-2020-03",NA,"Trinectes maculatus","Hogchoker",NA,"",19.5,94.66,"","8/19/20",38.9378,-75.127983,"Trawl","62","DNREC","DS",-16.28,NA,NA,NA,15.65,NA,NA,NA,NA,NA,NA,NA,NA,"","","","LE","","",NA,NA,"Hogchoker",-18.1648315892,2.94942785950457,15.0505785064,1.04804765259145,4
"38","DESG","","TM-2020-04",NA,"Trinectes maculatus","Hogchoker",NA,"",19.3,94.92,"","8/19/20",38.9378,-75.127983,"Trawl","62","DNREC","DS",-16.332,NA,NA,NA,14.989,NA,NA,NA,NA,NA,NA,NA,3.015,"","","","LE","","",NA,NA,"Hogchoker",-18.1648315892,2.94942785950457,15.0505785064,1.04804765259145,4
"39","DESG","","TM-2020-05",NA,"Trinectes maculatus","Hogchoker",NA,"",13.2,44.71,"","8/20/20",39.1916,-75.284317,"Trawl","31","DNREC","DS",-17.821,NA,NA,NA,14.989,NA,NA,NA,NA,NA,NA,NA,3.098,"","","","LE","","",NA,NA,"Hogchoker",-18.1648315892,2.94942785950457,15.0505785064,1.04804765259145,4
"40","DESG","","TM-2020-06",NA,"Trinectes maculatus","Hogchoker",NA,"",15.3,70.25,"","8/20/20",39.1916,-75.284317,"Trawl","31","DNREC","DS",-16.368,NA,NA,NA,14.745,NA,NA,NA,NA,NA,NA,NA,2.974,"","","","LE","","",NA,NA,"Hogchoker",-18.1648315892,2.94942785950457,15.0505785064,1.04804765259145,4
"41","DESG","","TM-2020-08",NA,"Trinectes maculatus","Hogchoker",NA,"",11.9,33.81,"","8/20/20",39.1916,-75.284317,"Trawl","31","DNREC","DS",-15.19,NA,NA,NA,16.04,NA,NA,NA,NA,NA,NA,NA,3.177,"","","","LE","","",NA,NA,"Hogchoker",-18.1648315892,2.94942785950457,15.0505785064,1.04804765259145,4
"42","DESG","","TM-2020-09",NA,"Trinectes maculatus","Hogchoker",NA,"",15.5,79.84,"","8/20/20",39.1916,-75.284317,"Trawl","31","DNREC","DS",-15.45,NA,NA,NA,15.57,NA,NA,NA,NA,NA,NA,NA,NA,"","","","LE","","",NA,NA,"Hogchoker",-18.1648315892,2.94942785950457,15.0505785064,1.04804765259145,4
"43","DESG","","TM-2020-10",NA,"Trinectes maculatus","Hogchoker",NA,"",17.8,116.77,"","8/20/20",39.1916,-75.284317,"Trawl","31","DNREC","DS",-16.17,NA,NA,NA,15.52,NA,NA,NA,NA,NA,NA,NA,3.379,"","","","LE","","",NA,NA,"Hogchoker",-18.1648315892,2.94942785950457,15.0505785064,1.04804765259145,4
"44","DESG","","TM-2020-11",NA,"Trinectes maculatus","Hogchoker",NA,"",12.3,35.18,"","10/7/20",39.044583,-75.189217,"Trawl","52","DNREC","DS",-18.81,NA,NA,NA,16.58,NA,NA,NA,NA,NA,NA,NA,3.424,"","","","LE","","",NA,NA,"Hogchoker",-18.1648315892,2.94942785950457,15.0505785064,1.04804765259145,4
"45","DESG","","TM-2020-12",NA,"Trinectes maculatus","Hogchoker",NA,"",13,68.83,"","11/4/20",38.900133,-75.15025,"Trawl","72","DNREC","DS",-16.18,NA,NA,NA,14.92,NA,NA,NA,NA,NA,NA,NA,3.599,"","","","LE","","",NA,NA,"Hogchoker",-18.1648315892,2.94942785950457,15.0505785064,1.04804765259145,4
"46","DESG","","TM-2020-13",NA,"Trinectes maculatus","Hogchoker",NA,"",14.8,80.44,"","11/4/20",38.900133,-75.15025,"Trawl","72","DNREC","DS",-15.54,NA,NA,NA,15.24,NA,NA,NA,NA,NA,NA,NA,NA,"","","","LE","","",NA,NA,"Hogchoker",-18.1648315892,2.94942785950457,15.0505785064,1.04804765259145,4
"47","DESG","","TM-2020-14",NA,"Trinectes maculatus","Hogchoker",NA,"",14.1,75.83,"","11/4/20",38.900133,-75.15025,"Trawl","72","DNREC","DS",-16.2,NA,NA,NA,15.8,NA,NA,NA,NA,NA,NA,NA,3.351,"","","","LE","","",NA,NA,"Hogchoker",-18.1648315892,2.94942785950457,15.0505785064,1.04804765259145,4
"48","DESG","","TM-2020-15",NA,"Trinectes maculatus","Hogchoker",NA,"",16.3,106.94,"","11/4/20",38.900133,-75.15025,"Trawl","72","DNREC","DS",-15.96,NA,NA,NA,14.93,NA,NA,NA,NA,NA,NA,NA,3.561,"","","","LE","","",NA,NA,"Hogchoker",-18.1648315892,2.94942785950457,15.0505785064,1.04804765259145,4
"49","DESG","","TM-2020-16",NA,"Trinectes maculatus","Hogchoker",NA,"",14.2,64.07,"","11/4/20",38.900133,-75.15025,"Trawl","72","DNREC","DS",-18.26,NA,NA,NA,16,NA,NA,NA,NA,NA,NA,NA,3.449,"","","","LE","","",NA,NA,"Hogchoker",-18.1648315892,2.94942785950457,15.0505785064,1.04804765259145,4
"50","BeachSeine","","",NA,"Ulva lactuca","Sea lettuce",NA,"",NA,NA,"","6/26/22",38.789028,-75.158371,"Seine","","","BB",-13.682,NA,NA,NA,9.434,NA,NA,NA,NA,NA,NA,NA,NA,"","","","","","",NA,NA,"Sea lettuce",-18.34725,2.78985886739813,11.1705,1.71596944694745,2
"51","BeachSeine","","",NA,"Ulva lactuca","Sea lettuce",NA,"",NA,NA,"","6/26/22",38.789028,-75.158371,"Seine","","","BB",-20.017,NA,NA,NA,9.822,NA,NA,NA,NA,NA,NA,NA,NA,"","","","","","",NA,NA,"Sea lettuce",-18.34725,2.78985886739813,11.1705,1.71596944694745,2
"52","BeachSeine","","",NA,"Ulva lactuca","Sea lettuce",NA,"",NA,NA,"","6/26/22",38.782132,-75.130885,"Seine","","","BB",-18.322,NA,NA,NA,10.019,NA,NA,NA,NA,NA,NA,NA,NA,"","","","","","",NA,NA,"Sea lettuce",-18.34725,2.78985886739813,11.1705,1.71596944694745,2
"53","BeachSeine","","",NA,"Ulva lactuca","Sea lettuce",NA,"",NA,NA,"","6/26/22",38.782132,-75.130885,"Seine","","","BB",-16.611,NA,NA,NA,12.237,NA,NA,NA,NA,NA,NA,NA,NA,"","","","","","",NA,NA,"Sea lettuce",-18.34725,2.78985886739813,11.1705,1.71596944694745,2
"54","BeachSeine","","",NA,"Ulva lactuca","Sea lettuce",NA,"",NA,NA,"","6/26/22",38.80558,-75.09769,"Seine","","","BB",-22.501,NA,NA,NA,13.147,NA,NA,NA,NA,NA,NA,NA,NA,"","","","","","",NA,NA,"Sea lettuce",-18.34725,2.78985886739813,11.1705,1.71596944694745,2
"55","BeachSeine","","",NA,"Ulva lactuca","Sea lettuce",NA,"",NA,NA,"","6/26/22",38.80558,-75.09769,"Seine","","","BB",-16.187,NA,NA,NA,9.897,NA,NA,NA,NA,NA,NA,NA,NA,"","","","","","",NA,NA,"Sea lettuce",-18.34725,2.78985886739813,11.1705,1.71596944694745,2
"56","BeachSeine","","",NA,"Ulva lactuca","Sea lettuce",NA,"",NA,NA,"","6/26/22",38.80558,-75.09769,"Seine","","","BB",-20.496,NA,NA,NA,13.944,NA,NA,NA,NA,NA,NA,NA,NA,"","","","","","",NA,NA,"Sea lettuce",-18.34725,2.78985886739813,11.1705,1.71596944694745,2
"57","BeachSeine","","",NA,"Ulva lactuca","Sea lettuce",NA,"",NA,NA,"","6/26/22",38.80558,-75.09769,"Seine","","","BB",-18.962,NA,NA,NA,10.864,NA,NA,NA,NA,NA,NA,NA,NA,"","","","","","",NA,NA,"Sea lettuce",-18.34725,2.78985886739813,11.1705,1.71596944694745,2
"58","DEEco","OM-06-16-1","OM-06-16-1",NA,"Ophidion marginatum","Striped Cusk Eel",NA,"",9.4,4.08,"","6/3/24",38.805339,-75.18384,"Seine","","","NM",-16.51,NA,NA,NA,15.01,NA,NA,NA,NA,NA,NA,NA,3.09213768,"dorsal muscle","","","LE","","",NA,NA,"Striped Cusk Eel",-17.31890491625,0.539925226747618,15.1771324875,0.661717399410473,4
"59","DEEco","OM-06-16-2","OM-06-16-2",NA,"Ophidion marginatum","Striped Cusk Eel",NA,"",10.7,5.93,"","6/3/24",38.805339,-75.18384,"Seine","","","NM",-17.05,NA,NA,NA,14.31,NA,NA,NA,NA,NA,NA,NA,3.12777899,"dorsal muscle","","","LE","","",NA,NA,"Striped Cusk Eel",-17.31890491625,0.539925226747618,15.1771324875,0.661717399410473,4
"60","DEEco","OM-ASH-01","OM-ASH-01",NA,"Ophidion marginatum","Striped Cusk Eel",NA,"",12,NA,"","6/8/22",38.782549,-75.130787,"Seine","","","NM",-18.35,NA,NA,NA,15.94,NA,NA,NA,NA,NA,NA,NA,3.01046944,"dorsal muscle","","","LE","","",NA,NA,"Striped Cusk Eel",-17.31890491625,0.539925226747618,15.1771324875,0.661717399410473,4
"61","DEEco","OM-LB","OM-LB",NA,"Ophidion marginatum","Striped Cusk Eel",NA,"",20.3,45.41,"","7/8/22",38.782549,-75.130787,"Seine","","","NM",-17.47,NA,NA,NA,14.68,NA,NA,NA,NA,NA,NA,NA,2.99648392,"dorsal muscle","","","LE","","",NA,NA,"Striped Cusk Eel",-17.31890491625,0.539925226747618,15.1771324875,0.661717399410473,4
"62","Whelk","IO20230201","IO20230201",NA,"Ilyanassa obsoleta","Mud Snail",NA,"",1.7,1.38,"","7/10/23",39.2736347,-75.2886282,"16' Trawl","16","DNREC","RW",-16.55795665,0.14274136,38.54187702,0.171379202,15.09462899,0.22246063,10.70084584,0.05329646,NA,NA,NA,NA,3.601759861,"whole","Chemical","","","","",NA,NA,"Mud Snail",-15.3095246908,1.99080449642355,12.757306278,1.49280996167979,3
"63","Whelk","IO20230202","IO20230202",NA,"Ilyanassa obsoleta","Mud Snail",NA,"",1.9,1.4,"","7/10/23",39.2736347,-75.2886282,"16' Trawl","16","DNREC","RW",-17.72339579,0.142835521,37.38363089,0.297161467,13.00231883,0.220970858,8.395107418,0.068761376,NA,NA,NA,NA,4.453025915,"whole","Chemical","","","","",NA,NA,"Mud Snail",-15.3095246908,1.99080449642355,12.757306278,1.49280996167979,3
"64","Whelk","IO20230203","IO20230203",NA,"Ilyanassa obsoleta","Mud Snail",NA,"",2,2.04,"","7/10/23",39.2736347,-75.2886282,"16' Trawl","16","DNREC","RW",-16.74021377,0.142753815,36.19279305,0.162301002,13.9120189,0.221590664,9.281319182,0.043417832,NA,NA,NA,NA,3.899531127,"whole","Chemical","","","","",NA,NA,"Mud Snail",-15.3095246908,1.99080449642355,12.757306278,1.49280996167979,3
"65","Whelk","IO20230204","IO20230204",NA,"Ilyanassa obsoleta","Mud Snail",NA,"",2,1.68,"","7/10/23",39.2736347,-75.2886282,"16' Trawl","16","DNREC","RW",-17.18534678,0.142789333,34.35772763,0.187000804,14.24557559,0.221828718,8.536163374,0.037784811,NA,NA,NA,NA,4.024961347,"whole","Chemical","","","","",NA,NA,"Mud Snail",-15.3095246908,1.99080449642355,12.757306278,1.49280996167979,3
"66","Whelk","CC20230201","CC20230201",NA,"Palaemon vulgaris","Grass Shrimp",NA,"",4.4,0.69,"","7/10/23",39.2736347,-75.2886282,"16' Trawl","16","DNREC","RW",-17.95605717,0.136315811,44.58288849,0.132013297,15.87205627,0.223935042,14.13313809,0.072600431,NA,NA,NA,NA,3.154493235,"whole","Chemical","","","","",NA,NA,"Grass Shrimp",-17.95605717,NA,15.87205627,NA,4
"67","Whelk","CS20230201","CS20230201",NA,"Callinectes sapidus","Blue Crab",NA,"",3.9,4.77,"F","7/10/23",39.2736347,-75.2886282,"16' Trawl","16","DNREC","RW",-18.89199426,0.136449641,44.45584606,0.1840886,14.76597369,0.223718622,13.93107295,0.088731145,NA,NA,NA,NA,3.191128654,"body","Chemical","","","","",NA,NA,"Blue Crab",-17.86870506375,1.27481042911917,13.8458914845,1.05970010833205,4
"68","Whelk","CS20230202","CS20230202",NA,"Callinectes sapidus","Blue Crab",NA,"",6.9,22.63,"M","7/10/23",39.2736347,-75.2886282,"16' Trawl","16","DNREC","RW",-18.45870541,0.136424781,41.02548684,0.169684472,13.11959045,0.222423028,11.44478511,0.038987648,NA,NA,NA,NA,3.584644575,"body","Chemical","","","","",NA,NA,"Blue Crab",-17.86870506375,1.27481042911917,13.8458914845,1.05970010833205,4
"69","Whelk","CV20230101","CV20230101",NA,"Crassostrea virginica","Oyster",NA,"",9,102.68,"","7/10/23",39.2486073,-75.3725151,"16' Trawl","21","DNREC","RW",-19.38537772,0.143001712,46.8037027,0.217921202,12.18358877,0.220450091,11.90546253,0.04928183,NA,NA,NA,NA,3.93127966,"whole","Chemical","","","","",NA,NA,"Oyster",-19.7044597925,0.888993575537079,12.0724032041667,0.445055403023401,2
"70","Whelk","CV20230102","CV20230102",NA,"Crassostrea virginica","Oyster",NA,"",10.2,121.93,"","7/10/23",39.2486073,-75.3725151,"16' Trawl","21","DNREC","RW",-19.04532315,0.142963367,44.38116262,0.198850727,13.01242661,0.220977507,10.94741459,0.045467005,NA,NA,NA,NA,4.054031412,"whole","Chemical","","","","",NA,NA,"Oyster",-19.7044597925,0.888993575537079,12.0724032041667,0.445055403023401,2
"71","Whelk","CV20230103","CV20230103",NA,"Crassostrea virginica","Oyster",NA,"",14.8,115.29,"","7/10/23",39.2486073,-75.3725151,"16' Trawl","21","DNREC","RW",-18.897701,0.142946479,46.8250233,0.215561019,12.64854658,0.220741511,12.6743775,0.068886751,NA,NA,NA,NA,3.694463361,"whole","Chemical","","","","",NA,NA,"Oyster",-19.7044597925,0.888993575537079,12.0724032041667,0.445055403023401,2
"72","Whelk","PL20230202B","PL20230202B",NA,"Pagurus longicarpus","Long-clawed Hermit Crab",NA,"",0,NA,"","7/10/23",39.2486073,-75.3725151,"16' Trawl","21","DNREC","RW",-17.54260149,0.14281402,48.67677328,0.316938537,13.22468996,0.221118376,13.21747452,0.100827068,NA,NA,NA,NA,3.682759001,"eggs","Chemical","","","","",NA,NA,"Long-clawed Hermit Crab",-16.6133161464706,0.718452593364384,11.842859219,0.965767263870509,1
"73","Whelk","LE20230301","LE20230301",NA,"Libinia emarginata","Spider Crab",NA,"",4.1,16.16,"F","7/18/23",39.271,-75.368333,"30' Trawl","21","DNREC","RW",-17.26264638,0.136297144,44.34095368,0.120202242,16.26801965,0.224313081,13.2040615,0.054980783,NA,NA,NA,NA,3.358129898,"body","Chemical","","","","",NA,NA,"Spider Crab",-17.1979489255556,0.522087123927614,13.9878440722222,1.18891687579443,4
"74","Whelk","PH20230101","PH20230101",NA,"Panopeus herbstii","Mud Crab",NA,"",2.7,6.39,"F","7/10/23",39.2486073,-75.3725151,"16' Trawl","21","DNREC","RW",-18.15830198,0.136322814,47.95630727,0.174379972,15.72199754,0.223782356,14.64351204,0.083527742,NA,NA,NA,NA,3.274918416,"claw","Chemical","","","","",NA,NA,"Mud Crab",-16.7086201476923,1.88234326666481,14.6756688027273,1.05970530157732,4
"75","Whelk","CS20211101","CS20211101",NA,"Callinectes sapidus","Blue Crab",NA,"",0,NA,"","9/15/21",39.271,-75.368333,"30' Trawl","21","DNREC","RW",-23.85074433,0.136952611,43.65910995,0.148799496,18.49306213,0.227227676,13.62273779,0.071072325,NA,NA,NA,NA,3.204870461,"claw","Chemical","","","","",NA,NA,"Blue Crab",-17.86870506375,1.27481042911917,13.8458914845,1.05970010833205,4
"76","Whelk","CS20211501","CS20211501",NA,"Callinectes sapidus","Blue Crab",NA,"",0,NA,"","10/13/21",39.271,-75.368333,"30' Trawl","21","DNREC","RW",-17.08180976,0.13636622,47.80245758,0.172799677,13.09938943,0.22240812,15.09472812,0.086830794,NA,NA,NA,NA,3.166831306,"claw","Chemical","","","","",NA,NA,"Blue Crab",-17.86870506375,1.27481042911917,13.8458914845,1.05970010833205,4
"77","Whelk","CS20210701","CS20210701",NA,"Callinectes sapidus","Blue Crab",NA,"",0,NA,"","9/9/21",39.1424294,-75.3524398,"16' Trawl","25","DNREC","RW",-18.70905008,0.136438769,48.21436123,0.16236749,15.31140126,0.22418265,15.49333085,0.081404975,NA,NA,NA,NA,3.11194292,"claw","Chemical","","","","",NA,NA,"Blue Crab",-17.86870506375,1.27481042911917,13.8458914845,1.05970010833205,4
"78","Whelk","PP20230301","PP20230301",NA,"Pagurus pollicaris","Broad-clawed Hermit Crab",NA,"",2,3.11,"","7/18/23",39.174833,-75.275333,"30' Trawl","31","DNREC","RW",-16.0491775,0.136284401,27.74990356,0.248269891,11.71659747,0.221089508,7.485260874,0.051179946,NA,NA,NA,NA,3.707272736,"body","Chemical","","","","",NA,NA,"Broad-clawed Hermit Crab",-17.1053098907692,0.92518548344755,11.8352671115385,1.64763039025059,1
"79","Whelk","PP20230302","PP20230302",NA,"Pagurus pollicaris","Broad-clawed Hermit Crab",NA,"",3.1,8.35,"","7/18/23",39.174833,-75.275333,"30' Trawl","31","DNREC","RW",-17.31079991,0.136298173,35.35917139,0.104060523,12.46639513,0.221493839,9.071989185,0.025991254,NA,NA,NA,NA,3.89762054,"body","Chemical","","","","",NA,NA,"Broad-clawed Hermit Crab",-17.1053098907692,0.92518548344755,11.8352671115385,1.64763039025059,1
"80","Whelk","CS20211201","CS20211201",NA,"Callinectes sapidus","Blue Crab",NA,"",NA,NA,"","9/15/21",39.174833,-75.275333,"30' Trawl","31","DNREC","RW",-17.26475394,0.136372209,48.24055843,0.167339272,14.75587318,0.223710191,15.40230943,0.08559563,NA,NA,NA,NA,3.132034106,"claw","Chemical","","","","",NA,NA,"Blue Crab",-17.86870506375,1.27481042911917,13.8458914845,1.05970010833205,4
"81","Whelk","CS20211202","CS20211202",NA,"Callinectes sapidus","Blue Crab",NA,"",NA,NA,"","9/15/21",39.174833,-75.275333,"30' Trawl","31","DNREC","RW",-17.88098696,0.136396423,49.04622111,0.1666742,13.4529073,0.222672496,14.48047125,0.06114958,NA,NA,NA,NA,3.387059735,"claw","Chemical","","","","",NA,NA,"Blue Crab",-17.86870506375,1.27481042911917,13.8458914845,1.05970010833205,4
"82","Whelk","IO20230301","IO20230301",NA,"Ilyanassa obsoleta","Mud Snail",NA,"",1.6,1.3,"","7/10/23",39.0878478,-75.2929232,"16' Trawl","32","DNREC","RW",-15.95988879,0.142701749,38.10608047,0.178604246,13.29544441,0.221165856,10.03806214,0.053406043,NA,NA,NA,NA,3.796159051,"whole","Chemical","","","","",NA,NA,"Mud Snail",-15.3095246908,1.99080449642355,12.757306278,1.49280996167979,3
"83","Whelk","IO20230302","IO20230302",NA,"Ilyanassa obsoleta","Mud Snail",NA,"",2,1.74,"","7/10/23",39.0878478,-75.2929232,"16' Trawl","32","DNREC","RW",-15.47975657,0.142676978,32.33642281,0.169277276,12.42617545,0.220600716,6.825349261,0.043174155,NA,NA,NA,NA,4.737694962,"whole","Chemical","","","","",NA,NA,"Mud Snail",-15.3095246908,1.99080449642355,12.757306278,1.49280996167979,3
"84","Whelk","IO20230303","IO20230303",NA,"Ilyanassa obsoleta","Mud Snail",NA,"",2,1.77,"","7/10/23",39.0878478,-75.2929232,"16' Trawl","32","DNREC","RW",-16.12750147,0.142715305,35.02225597,0.264302359,13.0629655,0.221010833,8.734238892,0.050773499,NA,NA,NA,NA,4.009766209,"whole","Chemical","","","","",NA,NA,"Mud Snail",-15.3095246908,1.99080449642355,12.757306278,1.49280996167979,3
"85","Whelk","IO20230304","IO20230304",NA,"Ilyanassa obsoleta","Mud Snail",NA,"",2.2,2.54,"","7/10/23",39.0878478,-75.2929232,"16' Trawl","32","DNREC","RW",-16.42966258,0.142732033,39.08212489,0.176373706,13.24490551,0.221131915,9.651930292,0.043195475,NA,NA,NA,NA,4.049151176,"whole","Chemical","","","","",NA,NA,"Mud Snail",-15.3095246908,1.99080449642355,12.757306278,1.49280996167979,3
"86","Whelk","IO20230305","IO20230305",NA,"Ilyanassa obsoleta","Mud Snail",NA,"",2.4,2.35,"","7/10/23",39.0878478,-75.2929232,"16' Trawl","32","DNREC","RW",-16.82975786,0.142763293,36.18973983,0.288050104,13.38641441,0.221227286,9.102612966,0.054485212,NA,NA,NA,NA,3.975752893,"whole","Chemical","","","","",NA,NA,"Mud Snail",-15.3095246908,1.99080449642355,12.757306278,1.49280996167979,3
"87","Whelk","PL20230201","PL20230201",NA,"Pagurus longicarpus","Long-clawed Hermit Crab",NA,"",1.9,1.42,"","7/10/23",39.0878478,-75.2929232,"16' Trawl","32","DNREC","RW",-16.90328677,0.142767863,37.47224157,0.221471089,12.59800769,0.220709284,10.92806197,0.045960693,NA,NA,NA,NA,3.428992411,"body","Chemical","","","","",NA,NA,"Long-clawed Hermit Crab",-16.6133161464706,0.718452593364384,11.842859219,0.965767263870509,1
"88","Whelk","PL20230202A","PL20230202A",NA,"Pagurus longicarpus","Long-clawed Hermit Crab",NA,"",2.2,1.74,"F","7/10/23",39.0878478,-75.2929232,"16' Trawl","32","DNREC","RW",-17.52159361,0.142818388,38.61976942,0.340119131,13.29544441,0.221165856,10.66295263,0.054904382,NA,NA,NA,NA,3.621864485,"body","Chemical","","","","",NA,NA,"Long-clawed Hermit Crab",-16.6133161464706,0.718452593364384,11.842859219,0.965767263870509,1
"89","Whelk","CS20210801","CS20210801",NA,"Callinectes sapidus","Blue Crab",NA,"",NA,NA,"","9/9/21",39.0878478,-75.2929232,"16' Trawl","32","DNREC","RW",-19.04605251,0.136459221,45.62550543,0.15325358,13.03878636,0.222363538,12.31793039,0.047483719,NA,NA,NA,NA,3.703991172,"claw","Chemical","","","","",NA,NA,"Blue Crab",-17.86870506375,1.27481042911917,13.8458914845,1.05970010833205,4
"90","Whelk","IO20230601","IO20230601",NA,"Ilyanassa obsoleta","Mud Snail",NA,"",2,1.73,"","7/13/23",39.0344092,-75.2817912,"16' Trawl","40","DNREC","RW",-16.3806551,0.14273108,36.4664778,0.227829759,13.63910888,0.221400191,9.327587091,0.04310509,NA,NA,NA,NA,3.909529597,"whole","Chemical","","","","",NA,NA,"Mud Snail",-15.3095246908,1.99080449642355,12.757306278,1.49280996167979,3
"91","Whelk","CS20220201","CS20220201",NA,"Callinectes sapidus","Blue Crab",NA,"",NA,NA,"","5/2/22",39.0344092,-75.2817912,"16' Trawl","40","DNREC","RW",-18.14096026,0.136408507,47.40784709,0.204459448,13.70542007,0.22286584,14.13726056,0.087545265,NA,NA,NA,NA,3.353396995,"claw","Chemical","","","","",NA,NA,"Blue Crab",-17.86870506375,1.27481042911917,13.8458914845,1.05970010833205,4
"92","Whelk","IO20230501","IO20230501",NA,"Ilyanassa obsoleta","Mud Snail",NA,"",1.7,1.63,"","7/13/23",38.9725102,-75.2500518,"16' Trawl","41","DNREC","RW",-15.33075251,0.142669014,34.51650492,0.16673525,11.9308943,0.220296492,7.601291209,0.038628273,NA,NA,NA,NA,4.540873908,"whole","Chemical","","","","",NA,NA,"Mud Snail",-15.3095246908,1.99080449642355,12.757306278,1.49280996167979,3
"93","Whelk","PL20230601","PL20230601",NA,"Pagurus longicarpus","Long-clawed Hermit Crab",NA,"",1.9,1.46,"","7/13/23",38.9725102,-75.2500518,"16' Trawl","41","DNREC","RW",-16.58781719,0.142743502,37.35641698,0.166408168,12.48682212,0.220638857,11.05830261,0.061138532,NA,NA,NA,NA,3.378133,"body","Chemical","","","","",NA,NA,"Long-clawed Hermit Crab",-16.6133161464706,0.718452593364384,11.842859219,0.965767263870509,1
"94","Whelk","H20230101","H20230101",NA,"Hydroid","Animal Grass",NA,"",NA,0.61,"","6/1/23",38.9725102,-75.2500518,"16' Trawl","41","DNREC","RW",-19.97480466,0.143072869,40.6354151,0.239289337,10.95043979,0.219732554,11.87584269,0.050096307,NA,NA,NA,NA,3.421686877,"whole","Chemical","","","","",NA,NA,"Animal Grass",-19.26980183,0.997024563697413,10.763445885,0.264449316532107,2
"95","Whelk","LE20230401","LE20230401",NA,"Libinia emarginata","Spider Crab",NA,"",4.5,28.56,"M","7/18/23",39.0975,-75.245833,"30' Trawl","41","DNREC","RW",-16.34772936,0.136285184,45.16263566,0.123252331,14.50996774,0.222871295,13.6798957,0.059471277,NA,NA,NA,NA,3.301387426,"body","Chemical","","","","",NA,NA,"Spider Crab",-17.1979489255556,0.522087123927614,13.9878440722222,1.18891687579443,4
"96","Whelk","LE20230402","LE20230402",NA,"Libinia emarginata","Spider Crab",NA,"",4.2,29.66,"F","7/18/23",39.0975,-75.245833,"30' Trawl","41","DNREC","RW",-16.69443476,0.136288019,45.8714231,0.130835516,14.82738193,0.223161676,13.21950504,0.042884477,NA,NA,NA,NA,3.469980379,"body","Chemical","","","","",NA,NA,"Spider Crab",-17.1979489255556,0.522087123927614,13.9878440722222,1.18891687579443,4
"97","Whelk","LE20230403","LE20230403",NA,"Libinia emarginata","Spider Crab",NA,"",4.5,34.41,"F","7/18/23",39.0975,-75.245833,"30' Trawl","41","DNREC","RW",-17.21449285,0.136296155,45.28723428,0.148312742,14.04590792,0.222501632,12.88565847,0.062167678,NA,NA,NA,NA,3.5145456,"body","Chemical","","","","",NA,NA,"Spider Crab",-17.1979489255556,0.522087123927614,13.9878440722222,1.18891687579443,4
"98","Whelk","CS20211301","CS20211301",NA,"Callinectes sapidus","Blue Crab",NA,"",NA,NA,"","9/15/21",39.0975,-75.245833,"30' Trawl","41","DNREC","RW",-17.5150986,0.136381294,47.65982401,0.193619363,13.78622415,0.2229285,15.34262477,0.099372194,NA,NA,NA,NA,3.106367049,"claw","Chemical","","","","",NA,NA,"Blue Crab",-17.86870506375,1.27481042911917,13.8458914845,1.05970010833205,4
"99","Whelk","CS20220401","CS20220401",NA,"Callinectes sapidus","Blue Crab",NA,"",NA,NA,"","5/17/22",38.9725102,-75.2500518,"","41","DNREC","RW",-17.7269287,0.136389785,45.01851125,0.196392357,13.5438119,0.222741668,14.08917118,0.09287833,NA,NA,NA,NA,3.195256179,"claw","Chemical","","","","",NA,NA,"Blue Crab",-17.86870506375,1.27481042911917,13.8458914845,1.05970010833205,4
"100","Whelk","PL20230401","PL20230401",NA,"Pagurus longicarpus","Long-clawed Hermit Crab",NA,"",2.5,8.13,"","7/13/23",39.001648,-75.2823373,"16' Trawl","48","DNREC","RW",-16.97801889,0.142772265,38.98557843,0.176984772,12.70919325,0.220780361,11.0272495,0.053389868,NA,NA,NA,NA,3.53538554,"body","Chemical","","","","",NA,NA,"Long-clawed Hermit Crab",-16.6133161464706,0.718452593364384,11.842859219,0.965767263870509,1
"101","Whelk","PL20230301","PL20230301",NA,"Pagurus longicarpus","Long-clawed Hermit Crab",NA,"",2,1.56,"","7/13/23",39.038,-75.3315,"16' Trawl","49","DNREC","RW",-15.71130091,0.142691791,30.6292405,0.344532732,11.63776873,0.220122548,8.380005042,0.057217814,NA,NA,NA,NA,3.655038433,"body","Chemical","","","","",NA,NA,"Long-clawed Hermit Crab",-16.6133161464706,0.718452593364384,11.842859219,0.965767263870509,1
"102","Whelk","CS20210901","CS20210901",NA,"Callinectes sapidus","Blue Crab",NA,"",NA,NA,"","9/14/21",38.991667,-75.255667,"30' Trawl","51","DNREC","RW",-16.84109374,0.136359177,49.55102094,0.232047408,13.61451547,0.222795804,15.71280084,0.109905133,NA,NA,NA,NA,3.153544773,"claw","Chemical","","","","",NA,NA,"Blue Crab",-17.86870506375,1.27481042911917,13.8458914845,1.05970010833205,4
"103","Whelk","CS20211601","CS20211601",NA,"Callinectes sapidus","Blue Crab",NA,"",NA,NA,"","10/13/21",38.991667,-75.255667,"30' Trawl","51","DNREC","RW",-18.50684862,0.136427391,50.24857514,0.169703154,13.38220373,0.222619032,13.64907441,0.055877634,NA,NA,NA,NA,3.681463932,"claw","Chemical","","","","",NA,NA,"Blue Crab",-17.86870506375,1.27481042911917,13.8458914845,1.05970010833205,4
"104","Whelk","CS20212001","CS20212001",NA,"Callinectes sapidus","Blue Crab",NA,"",NA,NA,"","11/2/21",38.991667,-75.255667,"30' Trawl","51","DNREC","RW",-17.38992627,0.136376623,46.78787982,0.200575341,13.74582211,0.222897122,15.04825987,0.100947367,NA,NA,NA,NA,3.109188719,"claw","Chemical","","","","",NA,NA,"Blue Crab",-17.86870506375,1.27481042911917,13.8458914845,1.05970010833205,4
"105","Whelk","CS20220501","CS20220501",NA,"Callinectes sapidus","Blue Crab",NA,"",NA,NA,"","6/15/22",38.991667,-75.255667,"30' Trawl","51","DNREC","RW",-16.77369325,0.136357376,46.87146061,0.161336686,14.37205377,0.223394217,13.63872494,0.065351107,NA,NA,NA,NA,3.436645346,"claw","Chemical","","","","",NA,NA,"Blue Crab",-17.86870506375,1.27481042911917,13.8458914845,1.05970010833205,4
"106","Whelk","CS20211701","CS20211701",NA,"Callinectes sapidus","Blue Crab",NA,"",NA,NA,"","10/13/21",39.020833,-75.188667,"30' Trawl","52","DNREC","RW",-17.14921025,0.136368363,49.03654792,0.175671563,13.47310832,0.222687826,14.76708909,0.078859796,NA,NA,NA,NA,3.320664459,"claw","Chemical","","","","",NA,NA,"Blue Crab",-17.86870506375,1.27481042911917,13.8458914845,1.05970010833205,4
"107","Whelk","CS20211702","CS20211702",NA,"Callinectes sapidus","Blue Crab",NA,"",NA,NA,"","10/13/21",39.020833,-75.188667,"30' Trawl","52","DNREC","RW",-16.80257918,0.136358139,48.58366409,0.165276688,12.77617309,0.22217286,15.3348726,0.081006301,NA,NA,NA,NA,3.168181788,"claw","Chemical","","","","",NA,NA,"Blue Crab",-17.86870506375,1.27481042911917,13.8458914845,1.05970010833205,4
"108","Whelk","CS20212301","CS20212301",NA,"Callinectes sapidus","Blue Crab",NA,"",NA,NA,"","12/2/21",39.020833,-75.188667,"30' Trawl","52","DNREC","RW",-17.92913016,0.136398577,48.30427986,0.162631886,13.49330934,0.222703179,14.08954634,0.060216713,NA,NA,NA,NA,3.428377231,"claw","Chemical","","","","",NA,NA,"Blue Crab",-17.86870506375,1.27481042911917,13.8458914845,1.05970010833205,4
"109","Whelk","CS20220301","CS20220301",NA,"Callinectes sapidus","Blue Crab",NA,"",NA,NA,"","5/2/22",38.978667,-75.2965,"16' Trawl","55","DNREC","RW",-18.40093357,0.136421699,46.57331208,0.157244101,14.89728033,0.223828759,14.11500126,0.063378944,NA,NA,NA,NA,3.299561313,"claw","Chemical","","","","",NA,NA,"Blue Crab",-17.86870506375,1.27481042911917,13.8458914845,1.05970010833205,4
"110","Whelk","PL20230701","PL20230701",NA,"Pagurus longicarpus","Long-clawed Hermit Crab",NA,"",1.1,1.19,"","7/13/23",38.8945536,-75.1499479,"16' Trawl","62","DNREC","RW",-16.89815049,0.142768894,31.72748114,0.303866922,11.7893854,0.220211951,8.938428462,0.047364538,NA,NA,NA,NA,3.549559218,"body","Chemical","","","","",NA,NA,"Long-clawed Hermit Crab",-16.6133161464706,0.718452593364384,11.842859219,0.965767263870509,1
"111","Whelk","PL20230702","PL20230702",NA,"Pagurus longicarpus","Long-clawed Hermit Crab",NA,"",1,0.23,"","7/13/23",38.8945536,-75.1499479,"16' Trawl","62","DNREC","RW",-16.25371384,0.142724441,26.34923501,0.295683722,12.00164875,0.22033916,7.101057359,0.050440451,NA,NA,NA,NA,3.710607263,"body","Chemical","","","","",NA,NA,"Long-clawed Hermit Crab",-16.6133161464706,0.718452593364384,11.842859219,0.965767263870509,1
"112","Whelk","CF20230201","CF20230201",NA,"Crepidula fornicata","Limpet",NA,"",0.8,0.04,"","7/13/23",38.8945536,-75.1499479,"16' Trawl","62","DNREC","RW",-18.56279161,0.136338934,41.27459053,0.156839108,10.96502705,0.220595056,10.86824658,0.033476823,NA,NA,NA,NA,3.797723049,"whole","Chemical","","","","",NA,NA,"Limpet",-18.725185894,0.660556557386974,10.2781191987,0.441661129624118,2
"113","Whelk","CF20230202","CF20230202",NA,"Crepidula fornicata","Limpet",NA,"",0.8,0.06,"","7/13/23",38.8945536,-75.1499479,"16' Trawl","62","DNREC","RW",-18.60131443,0.136340616,40.68825296,0.13854238,11.026934,0.220631172,10.21904032,0.031730792,NA,NA,NA,NA,3.981611939,"whole","Chemical","","","","",NA,NA,"Limpet",-18.725185894,0.660556557386974,10.2781191987,0.441661129624118,2
"114","Whelk","CF20230203","CF20230203",NA,"Crepidula fornicata","Limpet",NA,"",1.8,0.62,"","7/13/23",38.8945536,-75.1499479,"16' Trawl","62","DNREC","RW",-17.58045966,0.136304672,40.36880544,0.165090521,9.706581185,0.219899216,12.5469443,0.036768316,NA,NA,NA,NA,3.217421269,"whole","Chemical","","","","",NA,NA,"Limpet",-18.725185894,0.660556557386974,10.2781191987,0.441661129624118,2
"115","Whelk","OO20230101","OO20230101",NA,"Ovalipes ocellatus","Lady Crab",NA,"",4.4,20.86,"F","7/17/23",38.9355,-75.125833,"30' Trawl","62","DNREC","RW",-18.0042107,0.136317414,46.48679614,0.125057351,12.47654197,0.221460591,13.15040115,0.045810001,NA,NA,NA,NA,3.535009739,"body","Chemical","","","","",NA,NA,"Lady Crab",-17.01889162625,0.785165507172627,12.4631694925,0.39643425536616,1
"116","Whelk","OO20230102","OO20230102",NA,"Ovalipes ocellatus","Lady Crab",NA,"",5.9,37.37,"M","7/17/23",38.9355,-75.125833,"30' Trawl","62","DNREC","RW",-17.59972107,0.136305184,44.64968144,0.162719674,12.39104228,0.221335932,12.56600727,0.065019152,NA,NA,NA,NA,3.553211491,"body","Chemical","","","","",NA,NA,"Lady Crab",-17.01889162625,0.785165507172627,12.4631694925,0.39643425536616,1
"117","Whelk","EH20230101","EH20230101",NA,"Euspira heros","Moon Snail",NA,"",5.5,85.09,"","7/17/23",38.9355,-75.125833,"30' Trawl","62","DNREC","RW",-17.58045966,0.136304672,44.31249461,0.138582331,11.78568704,0.220990693,12.00949499,0.051656115,NA,NA,NA,NA,3.689788344,"whole","Chemical","","","","",NA,NA,"Moon Snail",-17.58045966,NA,11.78568704,NA,1
"118","Whelk","CS20210501","CS20210501",NA,"Callinectes sapidus","Blue Crab",NA,"",NA,NA,"","9/8/21",38.8945536,-75.1499479,"16' Trawl","62","DNREC","RW",-18.35279036,0.136419172,48.33777369,0.207924663,15.40230586,0.224261659,15.39533045,0.102443548,NA,NA,NA,NA,3.139768506,"claw","Chemical","","","","",NA,NA,"Blue Crab",-17.86870506375,1.27481042911917,13.8458914845,1.05970010833205,4
"119","Whelk","IO20230701","IO20230701",NA,"Ilyanassa obsoleta","Mud Snail",NA,"",NA,NA,"","7/13/23",38.888667,-75.267833,"16' Trawl","63","DNREC","RW",-16.4268222,0.142729956,44.99741661,0.258294786,13.98277335,0.221640678,13.7094439,0.110681548,NA,NA,NA,NA,3.282220412,"","Chemical","","","","",NA,NA,"Mud Snail",-15.3095246908,1.99080449642355,12.757306278,1.49280996167979,3
"120","Whelk","PL20230802","PL20230802",NA,"Pagurus longicarpus","Long-clawed Hermit Crab",NA,"",1,0.35,"","7/13/23",38.888667,-75.267833,"16' Trawl","63","DNREC","RW",-16.90287442,0.142767946,32.07542539,0.196346135,11.56701428,0.220081243,9.065016963,0.037389372,NA,NA,NA,NA,3.538374558,"body","Chemical","","","","",NA,NA,"Long-clawed Hermit Crab",-16.6133161464706,0.718452593364384,11.842859219,0.965767263870509,1
"121","Whelk","NV20230101","NV20230101",NA,"Nereis virens","Bloodworm",NA,"",3.5,0.34,"","7/13/23",38.888667,-75.267833,"16' Trawl","63","DNREC","RW",-16.03954679,0.136284401,45.08244833,0.123746318,12.59522118,0.221511068,14.64456522,0.06122309,NA,NA,NA,NA,3.078442251,"whole","Chemical","","","","",NA,NA,"Bloodworm",-15.866194095,0.245157732342926,13.56985526,1.37834073428702,3
"122","Whelk","PL20230801","PL20230801",NA,"Pagurus longicarpus","Long-clawed Hermit Crab",NA,"",0.5,0.05,"","7/13/23",38.896333,-75.226,"16' Trawl","64","DNREC","RW",-16.89417271,0.142769693,32.30514326,0.457610487,12.01175653,0.220345277,8.901185669,0.077923135,NA,NA,NA,NA,3.629307876,"body","Chemical","","","","",NA,NA,"Long-clawed Hermit Crab",-16.6133161464706,0.718452593364384,11.842859219,0.965767263870509,1
"123","Whelk","CS20210601","CS20210601",NA,"Callinectes sapidus","Blue Crab",NA,"",NA,NA,"","9/8/21",38.896333,-75.226,"16' Trawl","64","DNREC","RW",-17.52472724,0.136381664,43.21561772,0.180095067,13.01858534,0.222348726,11.84039694,0.063947959,NA,NA,NA,NA,3.64984535,"claw","Chemical","","","","",NA,NA,"Blue Crab",-17.86870506375,1.27481042911917,13.8458914845,1.05970010833205,4
"124","Whelk","CF20230401","CF20230401",NA,"Crepidula fornicata","Limpet",NA,"",3.2,5.67,"","7/17/23",38.874833,-75.169333,"30' Trawl","71","DNREC","RW",-18.86134348,0.136352637,35.53271652,0.135547768,10.09634127,0.220124898,9.350539561,0.028899745,NA,NA,NA,NA,3.800071246,"whole","Chemical","","","","",NA,NA,"Limpet",-18.725185894,0.660556557386974,10.2781191987,0.441661129624118,2
"125","Whelk","CF20230402","CF20230402",NA,"Crepidula fornicata","Limpet",NA,"",1.5,0.52,"","7/17/23",38.874833,-75.169333,"30' Trawl","71","DNREC","RW",-17.63824389,0.136306227,38.11204308,0.141884459,10.54944449,0.220340822,11.19840509,0.032338892,NA,NA,NA,NA,3.403345636,"whole","Chemical","","","","",NA,NA,"Limpet",-18.725185894,0.660556557386974,10.2781191987,0.441661129624118,2
"126","Whelk","SE20230101","SE20230101",NA,"Squilla empusa","Mantis Shrimp",NA,"",12.4,29.24,"","7/17/23",38.874833,-75.169333,"30' Trawl","71","DNREC","RW",-16.84852605,0.136289944,45.79009305,0.174099992,13.16350722,0.22182466,13.76901814,0.079530107,NA,NA,NA,NA,3.325588838,"body","Chemical","","","","",NA,NA,"Mantis Shrimp",-16.7925952816667,0.266483941474525,14.1678180316667,0.527621296553292,4
"127","Whelk","SE20230102","SE20230102",NA,"Squilla empusa","Mantis Shrimp",NA,"",12.8,30.91,"","7/17/23",38.874833,-75.169333,"30' Trawl","71","DNREC","RW",-17.00261733,0.136292278,45.00665731,0.151074113,13.29030916,0.221947988,13.0253661,0.065632528,NA,NA,NA,NA,3.455308431,"body","Chemical","","","","",NA,NA,"Mantis Shrimp",-16.7925952816667,0.266483941474525,14.1678180316667,0.527621296553292,4
"128","Whelk","PP20230201","PP20230201",NA,"Pagurus pollicaris","Broad-clawed Hermit Crab",NA,"",2,2.52,"","7/17/23",38.874833,-75.169333,"30' Trawl","71","DNREC","RW",-17.42636837,0.136300805,37.37117928,0.129384487,11.48136469,0.220881622,10.17746268,0.029243264,NA,NA,NA,NA,3.671954442,"body","Chemical","","","","",NA,NA,"Broad-clawed Hermit Crab",-17.1053098907692,0.92518548344755,11.8352671115385,1.64763039025059,1
"129","Whelk","LE20230201","LE20230201",NA,"Libinia emarginata","Spider Crab",NA,"",4.2,21.62,"M","7/17/23",38.874833,-75.169333,"30' Trawl","71","DNREC","RW",-17.32043061,0.136298383,41.43233834,0.113557524,13.65034692,0.222258264,12.45935943,0.045855291,NA,NA,NA,NA,3.325398756,"body","Chemical","","","","",NA,NA,"Spider Crab",-17.1979489255556,0.522087123927614,13.9878440722222,1.18891687579443,4
"130","Whelk","LE20230202","LE20230202",NA,"Libinia emarginata","Spider Crab",NA,"",5.8,61.29,"F","7/17/23",38.874833,-75.169333,"30' Trawl","71","DNREC","RW",-17.66713601,0.136307027,43.41224519,0.122386875,13.22207795,0.221951463,11.69007843,0.044183516,NA,NA,NA,NA,3.713597428,"body","Chemical","","","","",NA,NA,"Spider Crab",-17.1979489255556,0.522087123927614,13.9878440722222,1.18891687579443,4
"131","Whelk","CS20211001","CS20211001",NA,"Callinectes sapidus","Blue Crab",NA,"",NA,NA,"","9/14/21",38.874833,-75.169333,"30' Trawl","71","DNREC","RW",-16.32114713,0.136347212,47.71802362,0.190599363,14.50336041,0.223501349,15.42028956,0.099113716,NA,NA,NA,NA,3.094495952,"claw","Chemical","","","","",NA,NA,"Blue Crab",-17.86870506375,1.27481042911917,13.8458914845,1.05970010833205,4
"132","Whelk","CS20212101","CS20212101",NA,"Callinectes sapidus","Blue Crab",NA,"",NA,NA,"","11/2/21",38.874833,-75.169333,"30' Trawl","71","DNREC","RW",-16.89886558,0.136360781,47.23871951,0.213738505,13.88722926,0.223007364,14.79041854,0.099924043,NA,NA,NA,NA,3.193873072,"claw","Chemical","","","","",NA,NA,"Blue Crab",-17.86870506375,1.27481042911917,13.8458914845,1.05970010833205,4
"133","Whelk","CS20220601","CS20220601",NA,"Callinectes sapidus","Blue Crab",NA,"",NA,NA,"","6/15/22",38.874833,-75.169333,"30' Trawl","71","DNREC","RW",-18.16984619,0.136409918,49.1924085,0.263075582,13.4529073,0.222672496,14.36897983,0.101217643,NA,NA,NA,NA,3.42351434,"claw","Chemical","","","","",NA,NA,"Blue Crab",-17.86870506375,1.27481042911917,13.8458914845,1.05970010833205,4
"134","Whelk","CF20230301","CF20230301",NA,"Crepidula fornicata","Limpet",NA,"",2.8,2.6,"","7/17/23",38.867,-75.1355,"30' Trawl","72","DNREC","RW",-18.98654265,0.136358839,38.47651489,0.105343209,10.27698838,0.22018725,10.04396023,0.029849115,NA,NA,NA,NA,3.830811157,"whole","Chemical","","","","",NA,NA,"Limpet",-18.725185894,0.660556557386974,10.2781191987,0.441661129624118,2
"135","Whelk","CF20230302","CF20230302",NA,"Crepidula fornicata","Limpet",NA,"",3.4,5.12,"","7/17/23",38.867,-75.1355,"30' Trawl","72","DNREC","RW",-19.05395759,0.136362291,37.97548242,0.102174539,9.895985092,0.220000082,8.880609232,0.025552724,NA,NA,NA,NA,4.27622491,"whole","Chemical","","","","",NA,NA,"Limpet",-18.725185894,0.660556557386974,10.2781191987,0.441661129624118,2
"136","Whelk","CF20230303","CF20230303",NA,"Crepidula fornicata","Limpet",NA,"",3.4,5.63,"","7/17/23",38.867,-75.1355,"30' Trawl","72","DNREC","RW",-19.31398663,0.136376336,34.9754853,0.11736323,10.12764123,0.220165515,7.640254375,0.032482008,NA,NA,NA,NA,4.577790684,"whole","Chemical","","","","",NA,NA,"Limpet",-18.725185894,0.660556557386974,10.2781191987,0.441661129624118,2
"137","Whelk","NV20230201","NV20230201",NA,"Nereis virens","Bloodworm",NA,"",3.9,0.39,"","7/17/23",38.867,-75.1355,"30' Trawl","72","DNREC","RW",-15.6928414,0.136285477,40.55090568,0.108976517,14.54448934,0.222883046,13.33259869,0.062823334,NA,NA,NA,NA,3.041485507,"whole","Chemical","","","","",NA,NA,"Bloodworm",-15.866194095,0.245157732342926,13.56985526,1.37834073428702,3
"138","Whelk","PP20230101","PP20230101",NA,"Pagurus pollicaris","Broad-clawed Hermit Crab",NA,"",2.6,4.79,"","7/17/23",38.867,-75.1355,"30' Trawl","72","DNREC","RW",-17.51304472,0.13630293,35.0903598,0.171796264,11.04759113,0.220658072,9.296428153,0.034565847,NA,NA,NA,NA,3.774606679,"body","Chemical","","","","",NA,NA,"Broad-clawed Hermit Crab",-17.1053098907692,0.92518548344755,11.8352671115385,1.64763039025059,1
"139","Whelk","PP20230102","PP20230102",NA,"Pagurus pollicaris","Broad-clawed Hermit Crab",NA,"",2.6,4.47,"","7/17/23",38.867,-75.1355,"30' Trawl","72","DNREC","RW",-18.51463808,0.136336867,44.40853264,0.120340578,11.18752403,0.220700825,10.21807149,0.02938697,NA,NA,NA,NA,4.346077701,"body","Chemical","","","","",NA,NA,"Broad-clawed Hermit Crab",-17.1053098907692,0.92518548344755,11.8352671115385,1.64763039025059,1
"140","Whelk","OO20230201","OO20230201",NA,"Ovalipes ocellatus","Lady Crab",NA,"",3.4,9.13,"F","7/17/23",38.867,-75.1355,"30' Trawl","72","DNREC","RW",-17.57082895,0.136304418,45.58066556,0.144687993,11.82035529,0.220987947,13.32732078,0.065098713,NA,NA,NA,NA,3.420092178,"body","Chemical","","","","",NA,NA,"Lady Crab",-17.01889162625,0.785165507172627,12.4631694925,0.39643425536616,1
"141","Whelk","OO20230202","OO20230202",NA,"Ovalipes ocellatus","Lady Crab",NA,"",4.4,21.54,"F","7/17/23",38.867,-75.1355,"30' Trawl","72","DNREC","RW",-17.6575053,0.136306759,44.81078158,0.162842681,11.95177234,0.221056889,12.61971489,0.065210989,NA,NA,NA,NA,3.550855305,"body","Chemical","","","","",NA,NA,"Lady Crab",-17.01889162625,0.785165507172627,12.4631694925,0.39643425536616,1
"142","Whelk","LE20230101","LE20230101",NA,"Libinia emarginata","Spider Crab",NA,"",3,10.34,"F","7/17/23",38.867,-75.1355,"30' Trawl","72","DNREC","RW",-17.79233518,0.136310657,44.44494578,0.134980729,12.79832726,0.221635018,12.55933833,0.056057104,NA,NA,NA,NA,3.538796759,"body","Chemical","","","","",NA,NA,"Spider Crab",-17.1979489255556,0.522087123927614,13.9878440722222,1.18891687579443,4
"143","Whelk","LE20230102","LE20230102",NA,"Libinia emarginata","Spider Crab",NA,"",4.5,32.17,"M","7/17/23",38.867,-75.1355,"30' Trawl","72","DNREC","RW",-17.79233518,0.136310657,42.26952879,0.113930979,12.27856728,0.221334506,11.91044043,0.040884673,NA,NA,NA,NA,3.548947583,"body","Chemical","","","","",NA,NA,"Spider Crab",-17.1979489255556,0.522087123927614,13.9878440722222,1.18891687579443,4
"144","Whelk","CS20211901","CS20211901",NA,"Callinectes sapidus","Blue Crab",NA,"",NA,NA,"","11/1/21",38.867,-75.1355,"30' Trawl","72","DNREC","RW",-17.11069568,0.136367129,44.58311673,0.162140527,13.52361088,0.222726255,13.76334311,0.077318942,NA,NA,NA,NA,3.23926508,"claw","Chemical","","","","",NA,NA,"Blue Crab",-17.86870506375,1.27481042911917,13.8458914845,1.05970010833205,4
"145","Whelk","IO20230401","IO20230401",NA,"Ilyanassa obsoleta","Mud Snail",NA,"",1.9,1.91,"","7/13/23",39.049333,-75.371333,"16' Trawl","90","DNREC","RW",-16.46164952,0.142733695,39.6754075,0.187893735,13.09328884,0.221030893,9.022971504,0.038495323,NA,NA,NA,NA,4.397155358,"whole","Chemical","","","","",NA,NA,"Mud Snail",-15.3095246908,1.99080449642355,12.757306278,1.49280996167979,3
"146","Whelk","IO20230402","IO20230402",NA,"Ilyanassa obsoleta","Mud Snail",NA,"",1.9,2.09,"","7/13/23",39.049333,-75.371333,"16' Trawl","90","DNREC","RW",-16.75309502,0.142759423,25.09526124,0.370476817,12.50703768,0.220651614,6.447118494,0.070682336,NA,NA,NA,NA,3.892477122,"whole","Chemical","","","","",NA,NA,"Mud Snail",-15.3095246908,1.99080449642355,12.757306278,1.49280996167979,3
"147","Whelk","PL20230501","PL20230501",NA,"Pagurus longicarpus","Long-clawed Hermit Crab",NA,"",1.7,1.73,"","7/13/23",39.049333,-75.371333,"16' Trawl","90","DNREC","RW",-16.62971575,0.142748659,35.67131435,0.264121756,12.30488211,0.220525016,9.872332354,0.044102229,NA,NA,NA,NA,3.613261089,"body","Chemical","","","","",NA,NA,"Long-clawed Hermit Crab",-16.6133161464706,0.718452593364384,11.842859219,0.965767263870509,1
"148","Whelk","CF20230101","CF20230101",NA,"Crepidula fornicata","Limpet",NA,"",1.1,0.16,"","7/13/23",39.049333,-75.371333,"16' Trawl","90","DNREC","RW",-19.073219,0.136363291,40.60202858,0.109484289,10.19624929,0.220091072,12.29121083,0.051718152,NA,NA,NA,NA,3.303338388,"whole","Chemical","","","","",NA,NA,"Limpet",-18.725185894,0.660556557386974,10.2781191987,0.441661129624118,2
"149","Whelk","PH20230201","PH20230201",NA,"Panopeus herbstii","Mud Crab",NA,"",1.5,0.73,"F","7/13/23",39.049333,-75.371333,"16' Trawl","90","DNREC","RW",-16.89667957,0.13629063,45.18424141,0.132073113,13.40988488,0.222081135,14.58350693,0.055829718,NA,NA,NA,NA,3.098311101,"claw","Chemical","","","","",NA,NA,"Mud Crab",-16.7086201476923,1.88234326666481,14.6756688027273,1.05970530157732,4
"150","Whelk","CC20230101","CC20230101",NA,"Palaemon vulgaris","Shrimp",NA,"",4.8,0.81,"","7/10/23",39.2663587,-75.3153721,"16' Trawl","99","DNREC","RW",-18.45685385,0.13633444,46.36739073,0.125291506,16.82881701,0.224816113,13.37139327,0.052278016,NA,NA,NA,NA,3.467655897,"whole","Chemical","","","","",NA,NA,"Shrimp",-17.9801339325,0.556557013771806,15.84165124,1.32693099254079,4
"151","Whelk","CC20230102","CC20230102",NA,"Palaemon vulgaris","Shrimp",NA,"",5.5,1.44,"F","7/10/23",39.2663587,-75.3153721,"16' Trawl","99","DNREC","RW",-17.28190779,0.13629755,43.75310735,0.125818164,16.34960377,0.224347789,13.97069467,0.070484807,NA,NA,NA,NA,3.131777508,"whole","Chemical","","","","",NA,NA,"Shrimp",-17.9801339325,0.556557013771806,15.84165124,1.32693099254079,4
"152","Whelk","CC20230103A","CC20230103A",NA,"Palaemon vulgaris","Shrimp",NA,"",6.4,3.09,"F","7/10/23",39.2663587,-75.3153721,"16' Trawl","99","DNREC","RW",-17.78270447,0.136310368,47.22546453,0.128316165,16.30488443,0.224327464,14.94527126,0.068841772,NA,NA,NA,NA,3.159893434,"whole","Chemical","","","","",NA,NA,"Shrimp",-17.9801339325,0.556557013771806,15.84165124,1.32693099254079,4
"153","Whelk","CC20230103B","CC20230103B",NA,"Palaemon vulgaris","Shrimp",NA,"",NA,NA,"","7/10/23",39.2663587,-75.3153721,"16' Trawl","99","DNREC","RW",-18.39906962,0.13633207,44.70016519,0.173861677,13.88329975,0.222309415,14.38893162,0.090459571,NA,NA,NA,NA,3.106565961,"eggs","Chemical","","","","",NA,NA,"Shrimp",-17.9801339325,0.556557013771806,15.84165124,1.32693099254079,4
"154","Whelk","CS20230101","CS20230101",NA,"Callinectes sapidus","Blue Crab",NA,"",12.9,128.96,"M","7/10/23",39.2663587,-75.3153721,"16' Trawl","99","DNREC","RW",-17.3032685,0.13637354,37.29989837,0.140305856,12.42265521,0.221922631,11.54368472,0.046348183,NA,NA,NA,NA,3.231195176,"body","Chemical","","","","",NA,NA,"Blue Crab",-17.86870506375,1.27481042911917,13.8458914845,1.05970010833205,4
"155","Whelk","CS20230102","CS20230102",NA,"Callinectes sapidus","Blue Crab",NA,"",6.6,21.23,"M","7/10/23",39.2663587,-75.3153721,"16' Trawl","99","DNREC","RW",-19.28676853,0.136474969,45.76640463,0.200325655,12.63476594,0.222071879,13.95060387,0.089544731,NA,NA,NA,NA,3.280603841,"body","Chemical","","","","",NA,NA,"Blue Crab",-17.86870506375,1.27481042911917,13.8458914845,1.05970010833205,4
"156","Whelk","IO20230101","IO20230101",NA,"Ilyanassa obsoleta","Mud Snail",NA,"",1.7,1.19,"","7/3/23",38.78767,-75.1009337,"Hand","","","RW",-12.88465481,0.142596491,29.00398054,0.216869671,9.191686321,0.218849536,6.47423953,0.050779443,NA,NA,NA,NA,4.479905387,"whole","Chemical","","","","",NA,NA,"Mud Snail",-15.3095246908,1.99080449642355,12.757306278,1.49280996167979,3
"157","Whelk","IO20230102","IO20230102",NA,"Ilyanassa obsoleta","Mud Snail",NA,"",1.8,1.33,"","7/3/23",38.78767,-75.1009337,"Hand","","","RW",-11.23307797,0.142599699,30.97310115,0.173746755,10.25300307,0.219362556,6.881146975,0.040841441,NA,NA,NA,NA,4.501153843,"whole","Chemical","","","","",NA,NA,"Mud Snail",-15.3095246908,1.99080449642355,12.757306278,1.49280996167979,3
"158","Whelk","IO20230103","IO20230103",NA,"Ilyanassa obsoleta","Mud Snail",NA,"",1.7,1.49,"","7/3/23",38.78767,-75.1009337,"Hand","","","RW",-11.36887813,0.142596766,35.35161392,0.162454515,10.9908709,0.2197548,7.653570648,0.037397882,NA,NA,NA,NA,4.618970092,"whole","Chemical","","","","",NA,NA,"Mud Snail",-15.3095246908,1.99080449642355,12.757306278,1.49280996167979,3
"159","Whelk","IO20230104","IO20230104",NA,"Ilyanassa obsoleta","Mud Snail",NA,"",1.6,1.4,"","7/3/23",38.78767,-75.1009337,"Hand","","","RW",-11.24813358,0.142602138,27.47224423,0.386614726,11.04140979,0.219782729,7.312941435,0.06952209,NA,NA,NA,NA,3.75666132,"whole","Chemical","","","","",NA,NA,"Mud Snail",-15.3095246908,1.99080449642355,12.757306278,1.49280996167979,3
"160","Whelk","IO20230105","IO20230105",NA,"Ilyanassa obsoleta","Mud Snail",NA,"",1.8,1.6,"","7/3/23",38.78767,-75.1009337,"Hand","","","RW",-14.11832181,0.142619983,35.35363641,0.161422313,9.686967469,0.219081411,6.91910276,0.043465592,NA,NA,NA,NA,5.109569497,"whole","Chemical","","","","",NA,NA,"Mud Snail",-15.3095246908,1.99080449642355,12.757306278,1.49280996167979,3
"161","Whelk","PL20230101","PL20230101",NA,"Pagurus longicarpus","Long-clawed Hermit Crab",NA,"",1.7,1.33,"","7/3/23",38.78767,-75.1009337,"Hand","","","RW",-16.16830239,0.142715128,39.36251672,0.176068985,11.50636761,0.22004605,11.34200495,0.064713248,NA,NA,NA,NA,3.470507807,"body","Chemical","","","","",NA,NA,"Long-clawed Hermit Crab",-16.6133161464706,0.718452593364384,11.842859219,0.965767263870509,1
"162","Whelk","PL20230102","PL20230102",NA,"Pagurus longicarpus","Long-clawed Hermit Crab",NA,"",1.8,1.48,"","7/3/23",38.78767,-75.1009337,"Hand","","","RW",-15.67385364,0.14268657,37.13561931,0.168058142,10.37429641,0.219425036,10.3301233,0.048889822,NA,NA,NA,NA,3.594886356,"body","Chemical","","","","",NA,NA,"Long-clawed Hermit Crab",-16.6133161464706,0.718452593364384,11.842859219,0.965767263870509,1
"163","Whelk","PL20230103","PL20230103",NA,"Pagurus longicarpus","Long-clawed Hermit Crab",NA,"",1.8,1.28,"","7/3/23",38.78767,-75.1009337,"Hand","","","RW",-15.77232174,0.142695043,38.80059151,0.40815239,9.727398583,0.219100922,10.63984891,0.066979864,NA,NA,NA,NA,3.646723917,"body","Chemical","","","","",NA,NA,"Long-clawed Hermit Crab",-16.6133161464706,0.718452593364384,11.842859219,0.965767263870509,1
"164","Whelk","PL20230104","PL20230104",NA,"Pagurus longicarpus","Long-clawed Hermit Crab",NA,"",2,0.85,"","7/3/23",38.78767,-75.1009337,"Hand","","","RW",-15.24165065,0.142666731,26.43800063,0.24213069,10.80893089,0.219655382,7.611584683,0.036706273,NA,NA,NA,NA,3.473389805,"body","Chemical","","","","",NA,NA,"Long-clawed Hermit Crab",-16.6133161464706,0.718452593364384,11.842859219,0.965767263870509,1
"165","Whelk","LP20230101","LP20230101",NA,"Limulus polyphemus","Horseshoe Crab",NA,"",NA,NA,"","7/3/23",38.78767,-75.1009337,"Hand","","","RW",-17.06689528,0.142779487,46.39209655,0.222459278,14.26579115,0.221843331,14.45516578,0.07738356,NA,NA,NA,NA,3.209378381,"leg","Chemical","","","","",NA,NA,"Horseshoe Crab",-17.270999955,0.390814134004692,14.76612618625,0.651394599916217,4
"166","Whelk","LP20230102","LP20230102",NA,"Limulus polyphemus","Horseshoe Crab",NA,"",NA,NA,"","7/3/23",38.78767,-75.1009337,"Hand","","","RW",-17.53666707,0.142815251,44.41430296,0.227425328,14.4780545,0.221998043,13.54980846,0.100714627,NA,NA,NA,NA,3.277854672,"leg","Chemical","","","","",NA,NA,"Horseshoe Crab",-17.270999955,0.390814134004692,14.76612618625,0.651394599916217,4
"167","Whelk","LP20230103","LP20230103",NA,"Limulus polyphemus","Horseshoe Crab",NA,"",NA,NA,"","7/3/23",38.78767,-75.1009337,"Hand","","","RW",-17.61503638,0.142822501,47.7030191,0.227192489,14.64988673,0.222124992,13.62316946,0.085285432,NA,NA,NA,NA,3.501609463,"leg","Chemical","","","","",NA,NA,"Horseshoe Crab",-17.270999955,0.390814134004692,14.76612618625,0.651394599916217,4
"168","Whelk","LP20230104","LP20230104",NA,"Limulus polyphemus","Horseshoe Crab",NA,"",NA,NA,"","7/3/23",38.78767,-75.1009337,"Hand","","","RW",-17.33380601,0.142799012,46.7556185,0.21934849,14.89247342,0.222306805,14.62350129,0.103723684,NA,NA,NA,NA,3.197293013,"leg","Chemical","","","","",NA,NA,"Horseshoe Crab",-17.270999955,0.390814134004692,14.76612618625,0.651394599916217,4
"169","Whelk","LP20230105","LP20230105",NA,"Limulus polyphemus","Horseshoe Crab",NA,"",NA,NA,"","7/3/23",38.78767,-75.1009337,"Hand","","","RW",-17.21147136,0.142792544,34.17131593,0.267533263,13.80083333,0.221512596,10.73747204,0.044440138,NA,NA,NA,NA,3.182435848,"leg","Chemical","","","","",NA,NA,"Horseshoe Crab",-17.270999955,0.390814134004692,14.76612618625,0.651394599916217,4
"170","Whelk","EL20230101","EL20230101",NA,"Ensis leei","Razor Clam",NA,"",13.8,33.78,"","7/3/23",38.78767,-75.1009337,"Hand","","","RW",-17.38784555,0.136299902,46.2629587,0.135470884,10.33019768,0.220141706,13.85575299,0.065081989,NA,NA,NA,NA,3.338898921,"whole","Chemical","","","","",NA,NA,"Razor Clam",-17.38784555,NA,10.33019768,NA,1
"171","Whelk","W20230101","W20230101",NA,"Intertidal worm","Sandworm",NA,"",23.5,5.15,"","7/3/23",38.78767,-75.1009337,"Hand","","","RW",-16.99298663,0.13629212,45.65067266,0.12297641,11.86491169,0.221059291,13.02634477,0.049458097,NA,NA,NA,NA,3.504488287,"whole","Chemical","","","","",NA,NA,"Sandworm",-16.99298663,NA,11.86491169,NA,1
"172","Whelk","LP20230201","LP20230201",NA,"Limulus polyphemus","Horseshoe Crab",NA,"",37,NA,"M","7/5/23",39.1365724,-75.4088811,"Hand","","","RW",-16.49534164,0.142737688,46.44851789,0.218673493,15.99422128,0.223170533,14.75460707,0.083451214,NA,NA,NA,NA,3.14806878,"leg","Chemical","","","","",NA,NA,"Horseshoe Crab",-17.270999955,0.390814134004692,14.76612618625,0.651394599916217,4
"173","Whelk","LP20230202","LP20230202",NA,"Limulus polyphemus","Horseshoe Crab",NA,"",33,NA,"M","7/5/23",39.1365724,-75.4088811,"Hand","","","RW",-17.1696521,0.142786853,46.708168,0.208119088,15.15527566,0.222507187,14.63416433,0.089265813,NA,NA,NA,NA,3.191720891,"leg","Chemical","","","","",NA,NA,"Horseshoe Crab",-17.270999955,0.390814134004692,14.76612618625,0.651394599916217,4
"174","Whelk","IO20200101","IO20200101",NA,"Ilyanassa obsoleta","Mud Snail",NA,"",2.1,1.53,"","10/1/20",39.218828,-75.364116,"Dredge","","","RW",-17.86693985,0.142847404,34.79339141,0.204707073,14.53870117,0.222042675,9.043564919,0.039135441,NA,NA,NA,NA,3.847309299,"whole","Chemical","","","","",NA,NA,"Mud Snail",-15.3095246908,1.99080449642355,12.757306278,1.49280996167979,3
"175","Whelk","IO20220101","IO20220101",NA,"Ilyanassa obsoleta","Mud Snail",NA,"",1.7,1.37,"","10/1/22",39.218828,-75.364116,"Dredge","","","RW",-13.63120553,0.142610299,27.93137329,0.337107249,13.74018666,0.221470285,6.638657559,0.071073953,NA,NA,NA,NA,4.207382749,"whole","Chemical","","","","",NA,NA,"Mud Snail",-15.3095246908,1.99080449642355,12.757306278,1.49280996167979,3
"176","Whelk","IO20220102","IO20220102",NA,"Ilyanassa obsoleta","Mud Snail",NA,"",1.6,1.55,"","10/1/22",39.218828,-75.364116,"Dredge","","","RW",-15.32044462,0.142670962,30.61412653,0.319790317,12.86080993,0.220878331,6.792591803,0.074613428,NA,NA,NA,NA,4.506987527,"whole","Chemical","","","","",NA,NA,"Mud Snail",-15.3095246908,1.99080449642355,12.757306278,1.49280996167979,3
"177","Whelk","IO20220103","IO20220103",NA,"Ilyanassa obsoleta","Mud Snail",NA,"",1.9,1.45,"","10/1/22",39.218828,-75.364116,"Dredge","","","RW",-12.93681315,0.142598678,22.19465282,0.293571651,12.67886992,0.220760912,5.04629443,0.065698343,NA,NA,NA,NA,4.398208057,"whole","Chemical","","","","",NA,NA,"Mud Snail",-15.3095246908,1.99080449642355,12.757306278,1.49280996167979,3
"178","Whelk","IO20220104","IO20220104",NA,"Ilyanassa obsoleta","Mud Snail",NA,"",2,1.68,"","10/1/22",39.218828,-75.364116,"Dredge","","","RW",-15.63156346,0.142684774,38.64953853,0.188719677,13.23479774,0.221125143,11.47660276,0.055373929,NA,NA,NA,NA,3.367681127,"whole","Chemical","","","","",NA,NA,"Mud Snail",-15.3095246908,1.99080449642355,12.757306278,1.49280996167979,3
"179","Whelk","IO20220105","IO20220105",NA,"Ilyanassa obsoleta","Mud Snail",NA,"",2.1,1.88,"","10/1/22",39.218828,-75.364116,"Dredge","","","RW",-16.11162975,0.142713239,41.2196451,0.221442611,13.89180334,0.221576422,11.51390576,0.048208582,NA,NA,NA,NA,3.579988058,"whole","Chemical","","","","",NA,NA,"Mud Snail",-15.3095246908,1.99080449642355,12.757306278,1.49280996167979,3
"180","Whelk","CV20200101","CV20200101",NA,"Crassostrea virginica","Oyster",NA,"",8.2,46.65,"","10/1/20",39.218828,-75.364116,"Dredge","","","RW",-19.50152542,0.143016671,32.16211287,0.227169215,11.85003208,0.220248053,8.963544003,0.038602169,NA,NA,NA,NA,3.588102302,"whole","Chemical","","","","",NA,NA,"Oyster",-19.7044597925,0.888993575537079,12.0724032041667,0.445055403023401,2
"181","Whelk","CV20220101","CV20220101",NA,"Crassostrea virginica","Oyster",NA,"",5.7,20,"","10/1/22",39.218828,-75.364116,"Dredge","","","RW",-19.82591078,0.143053988,41.68008077,0.20726797,11.91067875,0.22028435,11.78392265,0.051865217,NA,NA,NA,NA,3.537029392,"whole","Chemical","","","","",NA,NA,"Oyster",-19.7044597925,0.888993575537079,12.0724032041667,0.445055403023401,2
"182","Whelk","CV20220102","CV20220102",NA,"Crassostrea virginica","Oyster",NA,"",4.2,7.75,"","10/1/22",39.218828,-75.364116,"Dredge","","","RW",-19.40162187,0.143004964,39.74600422,0.26429525,11.58722983,0.220093017,12.03271542,0.050386914,NA,NA,NA,NA,3.303161658,"whole","Chemical","","","","",NA,NA,"Oyster",-19.7044597925,0.888993575537079,12.0724032041667,0.445055403023401,2
"183","Whelk","CV20220103","CV20220103",NA,"Crassostrea virginica","Oyster",NA,"",5.5,31.68,"","10/1/22",39.218828,-75.364116,"Dredge","","","RW",-20.64093298,0.143152848,46.40739397,0.337869365,12.28466655,0.220512475,11.44985454,0.084111075,NA,NA,NA,NA,4.053099,"whole","Chemical","","","","",NA,NA,"Oyster",-19.7044597925,0.888993575537079,12.0724032041667,0.445055403023401,2
"184","Whelk","CV20220104","CV20220104",NA,"Crassostrea virginica","Oyster",NA,"",9,84.01,"","10/1/22",39.218828,-75.364116,"Dredge","","","RW",-21.08950612,0.143220302,44.16984662,0.241827459,11.96121764,0.220314746,10.73268303,0.049722681,NA,NA,NA,NA,4.115452447,"whole","Chemical","","","","",NA,NA,"Oyster",-19.7044597925,0.888993575537079,12.0724032041667,0.445055403023401,2
"185","Whelk","CV20220105","CV20220105",NA,"Crassostrea virginica","Oyster",NA,"",9.8,72.01,"","10/1/22",39.218828,-75.364116,"Dredge","","","RW",-20.50419091,0.143137406,46.62242061,0.236510401,12.2139121,0.22046875,11.80970298,0.06440317,NA,NA,NA,NA,3.947806368,"whole","Chemical","","","","",NA,NA,"Oyster",-19.7044597925,0.888993575537079,12.0724032041667,0.445055403023401,2
"186","Whelk","CV20220106","CV20220106",NA,"Crassostrea virginica","Oyster",NA,"",7.9,105.12,"","10/1/22",39.218828,-75.364116,"Dredge","","","RW",-19.25859062,0.142986039,47.32615494,0.216743525,11.87024763,0.220260131,13.64920548,0.082256101,NA,NA,NA,NA,3.467319399,"whole","Chemical","","","","",NA,NA,"Oyster",-19.7044597925,0.888993575537079,12.0724032041667,0.445055403023401,2
"187","Whelk","CV20220107","CV20220107",NA,"Crassostrea virginica","Oyster",NA,"",1,NA,"","10/1/22",39.218828,-75.364116,"Dredge","","","RW",-18.11036231,0.142872188,26.05530513,0.346692485,11.99154098,0.220333048,6.037339179,0.075732715,NA,NA,NA,NA,4.315693447,"whole","Chemical","","","","",NA,NA,"Oyster",-19.7044597925,0.888993575537079,12.0724032041667,0.445055403023401,2
"188","Whelk","CV20220108","CV20220108",NA,"Crassostrea virginica","Oyster",NA,"",1,NA,"","10/1/22",39.218828,-75.364116,"Dredge","","","RW",-20.79247463,0.143181685,33.43031676,0.454854216,11.35475093,0.219958922,9.118763027,0.078207916,NA,NA,NA,NA,3.666102152,"whole","Chemical","","","","",NA,NA,"Oyster",-19.7044597925,0.888993575537079,12.0724032041667,0.445055403023401,2
"189","Whelk","LP20200101A","LP20200101A",NA,"Limulus polyphemus","Horseshoe Crab",NA,"",NA,NA,"F","10/1/20",39.218828,-75.364116,"Dredge","","","RW",-17.7391298,0.1428352,46.87420577,0.225735926,14.89247342,0.222306805,14.37085289,0.07438371,NA,NA,NA,NA,3.261755312,"leg","Chemical","","","","",NA,NA,"Horseshoe Crab",-17.270999955,0.390814134004692,14.76612618625,0.651394599916217,4
"190","Whelk","LP20200101B","LP20200101B",NA,"Limulus polyphemus","Horseshoe Crab",NA,"",NA,NA,"F","10/1/20",39.218828,-75.364116,"Dredge","","","RW",-18.67438894,0.14292063,49.35350814,0.315448618,14.4780545,0.221998043,13.38239047,0.100417198,NA,NA,NA,NA,3.687944111,"eggs","Chemical","","","","",NA,NA,"Horseshoe Crab Eggs",-19.263042805,0.83248227942634,14.44773116,0.0428836786844516,4
"191","Whelk","LP20200102","LP20200102",NA,"Limulus polyphemus","Horseshoe Crab",NA,"",NA,NA,"F","10/1/20",39.218828,-75.364116,"Dredge","","","RW",-19.85169667,0.143054916,48.20162562,0.234549069,14.41740782,0.221953602,11.52479347,0.054182301,NA,NA,NA,NA,4.182428584,"eggs","Chemical","","","","",NA,NA,"Horseshoe Crab Eggs",-19.263042805,0.83248227942634,14.44773116,0.0428836786844516,4
"192","Whelk","UC20200103","UC20200103",NA,"Urosalpinx cinerea","Oyster Drill",NA,"",1.7,1.31,"","10/1/20",39.218828,-75.364116,"Dredge","","","RW",-10.49723648,0.285239019,20.91239584,0.463291456,12.89113326,0.44179614,3.033888325,0.133140594,NA,NA,NA,NA,6.89293527,"whole","Chemical","","","","",NA,NA,"Oyster Drill",-14.8834106716667,3.33696991082302,12.7142471383333,0.272179036115527,3
"193","Whelk","UC20220101","UC20220101",NA,"Urosalpinx cinerea","Oyster Drill",NA,"",1.6,0.69,"","10/1/22",39.218828,-75.364116,"Dredge","","","RW",-15.82168661,0.142695579,43.19147868,0.216910039,12.61822324,0.220722159,12.71057258,0.058983965,NA,NA,NA,NA,3.398074982,"whole","Chemical","","","","",NA,NA,"Oyster Drill",-14.8834106716667,3.33696991082302,12.7142471383333,0.272179036115527,3
"194","Whelk","UC20220102","UC20220102",NA,"Urosalpinx cinerea","Oyster Drill",NA,"",1.7,0.85,"","10/1/22",39.218828,-75.364116,"Dredge","","","RW",-16.13281836,0.142714276,43.6574016,0.2188081,12.355421,0.220556464,12.39724539,0.054605203,NA,NA,NA,NA,3.521540491,"whole","Chemical","","","","",NA,NA,"Oyster Drill",-14.8834106716667,3.33696991082302,12.7142471383333,0.272179036115527,3
"195","Whelk","UC20220103","UC20220103",NA,"Urosalpinx cinerea","Oyster Drill",NA,"",1.8,0.77,"","10/1/22",39.218828,-75.364116,"Dredge","","","RW",-11.43455385,0.285200679,24.72606699,0.463305091,12.68897769,0.44153478,5.27739233,0.108780253,NA,NA,NA,NA,4.685281185,"whole","Chemical","","","","",NA,NA,"Oyster Drill",-14.8834106716667,3.33696991082302,12.7142471383333,0.272179036115527,3
"196","Whelk","UC20220104","UC20220104",NA,"Urosalpinx cinerea","Oyster Drill",NA,"",1.8,0.71,"","10/1/22",39.218828,-75.364116,"Dredge","","","RW",-15.95265341,0.142700614,41.27576988,0.212001179,12.58789991,0.220702855,11.06162873,0.067473978,NA,NA,NA,NA,3.731436924,"whole","Chemical","","","","",NA,NA,"Oyster Drill",-14.8834106716667,3.33696991082302,12.7142471383333,0.272179036115527,3
"197","Whelk","UC20220201","UC20220201",NA,"Urosalpinx cinerea","Oyster Drill",NA,"",3.5,3.52,"","10/1/22",39.218828,-75.364116,"Dredge","","","RW",-19.46151532,0.143008303,45.2925792,0.230326952,13.14382773,0.221064433,10.6803541,0.051387537,NA,NA,NA,NA,4.240737599,"whole","Chemical","","","","",NA,NA,"Oyster Drill",-14.8834106716667,3.33696991082302,12.7142471383333,0.272179036115527,3
"198","Whelk","H20200101","H20200101",NA,"Hydroid","Animal Grass",NA,"",NA,0.07,"","10/1/20",39.218828,-75.364116,"Dredge","","","RW",-18.564799,0.142912509,38.59142336,0.171394262,10.57645198,0.219530918,12.22346541,0.078712088,NA,NA,NA,NA,3.157158961,"whole","Chemical","","","","",NA,NA,"Animal Grass",-19.26980183,0.997024563697413,10.763445885,0.264449316532107,2
"199","Whelk","B20220101","B20220101",NA,"Balanus","Barnacle",NA,"",1,0.27,"","10/1/22",39.218828,-75.364116,"Dredge","","","RW",-18.52426879,0.136337277,34.25792258,0.271540297,14.50179867,0.222996516,9.389803213,0.05357416,NA,NA,NA,NA,3.648417523,"whole","Chemical","","","","",NA,NA,"Barnacle",-19.007730204,0.809105362855848,14.210914268,0.348281383869097,4
"200","Whelk","B20220102","B20220102",NA,"Balanus","Barnacle",NA,"",NA,NA,"","10/1/22",39.218828,-75.364116,"Dredge","","","RW",-19.47770863,0.136385776,39.87354037,0.170989335,14.65601013,0.223068951,11.25755591,0.033477034,NA,NA,NA,NA,3.541935808,"whole","Chemical","","","","",NA,NA,"Barnacle",-19.007730204,0.809105362855848,14.210914268,0.348281383869097,4
"201","Whelk","B20220103","B20220103",NA,"Balanus","Barnacle",NA,"",1.1,0.25,"","10/1/22",39.218828,-75.364116,"Dredge","","","RW",-19.58364639,0.136392129,30.01106245,0.253445901,14.01186446,0.222632025,8.215067441,0.050629496,NA,NA,NA,NA,3.653172986,"whole","Chemical","","","","",NA,NA,"Barnacle",-19.007730204,0.809105362855848,14.210914268,0.348281383869097,4
"202","Whelk","B20220104","B20220104",NA,"Balanus","Barnacle",NA,"",1,0.19,"","10/1/22",39.218828,-75.364116,"Dredge","","","RW",-19.64143062,0.272791352,30.43719392,0.369093652,13.84573388,0.222526565,8.82231451,0.072867568,NA,NA,NA,NA,3.450023674,"whole","Chemical","","","","",NA,NA,"Barnacle",-19.007730204,0.809105362855848,14.210914268,0.348281383869097,4
"203","Whelk","B20220105","B20220105",NA,"Balanus","Barnacle",NA,"",1.3,0.25,"","10/1/22",39.218828,-75.364116,"Dredge","","","RW",-17.81159659,0.136311239,31.83775769,0.139960009,14.0391642,0.222619376,8.227370139,0.029476624,NA,NA,NA,NA,3.869736885,"whole","Chemical","","","","",NA,NA,"Barnacle",-19.007730204,0.809105362855848,14.210914268,0.348281383869097,4
"204","Whelk","GD20200101","GD20200101",NA,"Geukensia demissa","Ribbed Mussel",NA,"",2.5,1.1,"","10/1/20",39.218828,-75.364116,"Dredge","","","RW",-19.11174182,0.136365312,35.19644424,0.096520998,11.6660361,0.220904371,11.03940238,0.051100535,NA,NA,NA,NA,3.188256303,"whole","Chemical","","","","",NA,NA,"Ribbed Mussel",-19.598092445,0.591257861923888,11.4396877066667,0.375971564531692,2
"205","Whelk","GD20200102","GD20200102",NA,"Geukensia demissa","Ribbed Mussel",NA,"",4,3.99,"","10/1/20",39.218828,-75.364116,"Dredge","","","RW",-18.7168829,0.136345815,41.02663483,0.118441605,11.85714468,0.221001726,13.14446522,0.066878339,NA,NA,NA,NA,3.12120989,"whole","Chemical","","","","",NA,NA,"Ribbed Mussel",-19.598092445,0.591257861923888,11.4396877066667,0.375971564531692,2
"206","Whelk","GD20220101","GD20220101",NA,"Geukensia demissa","Ribbed Mussel",NA,"",1.5,0.5,"","10/1/22",39.218828,-75.364116,"Dredge","","","RW",-20.11333519,0.136426789,39.43463976,0.154198448,10.77254625,0.220456811,12.16549936,0.035947831,NA,NA,NA,NA,3.241514268,"whole","Chemical","","","","",NA,NA,"Ribbed Mussel",-19.598092445,0.591257861923888,11.4396877066667,0.375971564531692,2
"207","Whelk","GD20220102","GD20220102",NA,"Geukensia demissa","Ribbed Mussel",NA,"",2.2,1.11,"","10/1/22",39.218828,-75.364116,"Dredge","","","RW",-19.88219825,0.136411072,41.92463011,0.124156955,11.35366447,0.220702241,12.99995448,0.064838651,NA,NA,NA,NA,3.22498284,"whole","Chemical","","","","",NA,NA,"Ribbed Mussel",-19.598092445,0.591257861923888,11.4396877066667,0.375971564531692,2
"208","Whelk","GD20220103","GD20220103",NA,"Geukensia demissa","Ribbed Mussel",NA,"",3,2.07,"","10/1/22",39.218828,-75.364116,"Dredge","","","RW",-20.21927294,0.136434299,48.79703615,0.159239393,11.38756916,0.220718017,14.45149687,0.073460055,NA,NA,NA,NA,3.376607738,"whole","Chemical","","","","",NA,NA,"Ribbed Mussel",-19.598092445,0.591257861923888,11.4396877066667,0.375971564531692,2
"209","Whelk","GD20220201","GD20220201",NA,"Geukensia demissa","Ribbed Mussel",NA,"",3.5,4.74,"","10/1/22",39.218828,-75.364116,"Dredge","","","RW",-19.54512357,0.136389797,40.07563124,0.111463199,11.60116558,0.22090337,12.19134426,0.044683091,NA,NA,NA,NA,3.287220046,"whole","Chemical","","","","",NA,NA,"Ribbed Mussel",-19.598092445,0.591257861923888,11.4396877066667,0.375971564531692,2
"210","Whelk","WORMTUBE20220101","WORMTUBE20220101",NA,"Sabellaria vulgaris","Wormtube",NA,"",NA,NA,"","10/1/22",39.218828,-75.364116,"Dredge","","","RW",-19.27546381,0.136374182,34.51506203,0.108769901,10.81354563,0.220465334,10.40997507,0.033384703,NA,NA,NA,NA,3.315575858,"whole","Chemical","","","","",NA,NA,"Wormtube",-19.27546381,NA,10.81354563,NA,2
"211","Whelk","PH20200101","PH20200101",NA,"Panopeus herbstii","Mud Crab",NA,"",1.8,1.1,"F","10/1/20",39.218828,-75.364116,"Dredge","","","RW",NA,NA,15.2126265,0.389891655,NA,NA,1.081959279,0.127248408,NA,NA,NA,NA,14.0602579,"claw","Chemical","","","","",NA,NA,"Mud Crab",-16.7086201476923,1.88234326666481,14.6756688027273,1.05970530157732,4
"212","Whelk","PH20200102","PH20200102",NA,"Panopeus herbstii","Mud Crab",NA,"",1.8,1.06,"M","10/1/20",39.218828,-75.364116,"Dredge","","","RW",-12.89030612,0.27274031,21.67124754,0.223071662,NA,NA,3.805736239,0.070011329,NA,NA,NA,NA,5.694364028,"claw","Chemical","","","","",NA,NA,"Mud Crab",-16.7086201476923,1.88234326666481,14.6756688027273,1.05970530157732,4
"213","Whelk","PH20200103","PH20200103",NA,"Panopeus herbstii","Mud Crab",NA,"",2.5,6.85,"F","10/1/20",39.218828,-75.364116,"Dredge","","","RW",-17.44562978,0.136301266,45.55122774,0.123089881,13.45304862,0.222101106,13.51259387,0.055396039,NA,NA,NA,NA,3.371020263,"claw","Chemical","","","","",NA,NA,"Mud Crab",-16.7086201476923,1.88234326666481,14.6756688027273,1.05970530157732,4
"214","Whelk","PH20200104","PH20200104",NA,"Panopeus herbstii","Mud Crab",NA,"",2.8,5.17,"F","10/1/20",39.218828,-75.364116,"Dredge","","","RW",-18.3605468,0.136330522,45.76440523,0.174352076,12.56679791,0.221539383,14.40574303,0.044044128,NA,NA,NA,NA,3.176816715,"claw","Chemical","","","","",NA,NA,"Mud Crab",-16.7086201476923,1.88234326666481,14.6756688027273,1.05970530157732,4
"215","Whelk","PH20200201","PH20200201",NA,"Panopeus herbstii","Mud Crab",NA,"",1.2,0.36,"F","10/1/20",39.218828,-75.364116,"Dredge","","","RW",-14.78482219,0.147960904,27.74484819,0.259796374,15.15211647,0.226707007,6.415780164,0.06476929,NA,NA,NA,NA,4.324469898,"claw","Chemical","","","","",NA,NA,"Mud Crab",-16.7086201476923,1.88234326666481,14.6756688027273,1.05970530157732,4
"216","Whelk","PH20200203","PH20200203",NA,"Panopeus herbstii","Mud Crab",NA,"",1.4,0.97,"M","10/1/20",39.218828,-75.364116,"Dredge","","","RW",-17.85427895,0.148619448,41.75190653,0.326193977,15.01793719,0.22627278,12.54127512,0.137927457,NA,NA,NA,NA,3.329159607,"claw","Chemical","","","","",NA,NA,"Mud Crab",-16.7086201476923,1.88234326666481,14.6756688027273,1.05970530157732,4
"217","Whelk","PH20200204","PH20200204",NA,"Panopeus herbstii","Mud Crab",NA,"",2.2,1.32,"M","10/1/20",39.218828,-75.364116,"Dredge","","","RW",-13.15033516,0.272713219,21.12720462,0.286484324,NA,NA,3.995068562,0.082349027,NA,NA,NA,NA,5.28832091,"claw","Chemical","","","","",NA,NA,"Mud Crab",-16.7086201476923,1.88234326666481,14.6756688027273,1.05970530157732,4
"218","Whelk","PH20200302","PH20200302",NA,"Panopeus herbstii","Mud Crab",NA,"",1.1,0.35,"M","10/1/20",39.218828,-75.364116,"Dredge","","","RW",-18.09088705,0.136320402,45.34172493,0.125842188,15.40716929,0.223568323,14.16536274,0.066440148,NA,NA,NA,NA,3.200886964,"claw","Chemical","","","","",NA,NA,"Mud Crab",-16.7086201476923,1.88234326666481,14.6756688027273,1.05970530157732,4
"219","Whelk","PH20200303","PH20200303",NA,"Panopeus herbstii","Mud Crab",NA,"",1.6,1.02,"M","10/1/20",39.218828,-75.364116,"Dredge","","","RW",-18.0042107,0.136317414,44.51377248,0.121298127,15.39777932,0.223588639,13.92853931,0.055492861,NA,NA,NA,NA,3.195867958,"claw","Chemical","","","","",NA,NA,"Mud Crab",-16.7086201476923,1.88234326666481,14.6756688027273,1.05970530157732,4
"220","Whelk","PH20220101","PH20220101",NA,"Panopeus herbstii","Mud Crab",NA,"",1.8,1.82,"","10/1/22",39.218828,-75.364116,"Dredge","","","RW",-17.59009036,0.136304927,40.74419309,0.167078583,14.46558098,0.222899405,12.66186376,0.037069603,NA,NA,NA,NA,3.217866965,"claw","Chemical","","","","",NA,NA,"Mud Crab",-16.7086201476923,1.88234326666481,14.6756688027273,1.05970530157732,4
"221","Whelk","PH20220102","PH20220102",NA,"Panopeus herbstii","Mud Crab",NA,"",1.8,1.38,"","10/1/22",39.218828,-75.364116,"Dredge","","","RW",-16.588497,0.136286933,39.80768442,0.122704237,15.28280687,0.22352627,11.90002952,0.038243836,NA,NA,NA,NA,3.345175265,"claw","Chemical","","","","",NA,NA,"Mud Crab",-16.7086201476923,1.88234326666481,14.6756688027273,1.05970530157732,4
"222","Whelk","PH20220103","PH20220103",NA,"Panopeus herbstii","Mud Crab",NA,"",2,1.19,"","10/1/22",39.218828,-75.364116,"Dredge","","","RW",-17.39747626,0.136300125,44.98956467,0.150365039,15.55723776,0.223746552,14.18517698,0.046889064,NA,NA,NA,NA,3.171589945,"claw","Chemical","","","","",NA,NA,"Mud Crab",-16.7086201476923,1.88234326666481,14.6756688027273,1.05970530157732,4
"223","Whelk","MM0101","MM0101",NA,"Mercenaria mercenaria","Quahog",NA,"",7.8,155,"","10/1/22",39.218828,-75.364116,"Dredge","","","RW",-16.33077577,0.136347393,42.08110571,0.141718111,12.99838432,0.222333938,13.79875917,0.074625594,NA,NA,NA,NA,3.049629693,"MAN","Chemical","","","","",NA,NA,"Quahog",-17.38992627,0.71883463318832,13.317560456,0.587811539487653,4
"224","Whelk","MM0102","MM0102",NA,"Mercenaria mercenaria","Quahog",NA,"",7.8,155,"","10/1/22",39.218828,-75.364116,"Dredge","","","RW",-17.24549666,0.136371553,46.39042051,0.158064881,13.93773181,0.22304702,14.70982167,0.069195786,NA,NA,NA,NA,3.153703801,"MIX","Chemical","","","","",NA,NA,"Quahog",-17.38992627,0.71883463318832,13.317560456,0.587811539487653,4
"225","Whelk","MM0201","MM0201",NA,"Mercenaria mercenaria","Quahog",NA,"",8.1,167,"","10/1/22",39.218828,-75.364116,"Dredge","","","RW",-17.5150986,0.136381294,45.41298055,0.165675567,12.58426338,0.222036102,13.66826811,0.074412843,NA,NA,NA,NA,3.322511687,"MAN","Chemical","","","","",NA,NA,"Quahog",-17.38992627,0.71883463318832,13.317560456,0.587811539487653,4
"226","Whelk","MM0202","MM0202",NA,"Mercenaria mercenaria","Quahog",NA,"",8.1,167,"","10/1/22",39.218828,-75.364116,"Dredge","","","RW",-18.33353308,0.136418172,43.07028792,0.166324667,13.89732977,0.223015283,12.3847444,0.0668743,NA,NA,NA,NA,3.477688882,"MIX","Chemical","","","","",NA,NA,"Quahog",-17.38992627,0.71883463318832,13.317560456,0.587811539487653,4
"227","Whelk","MM20200101","MM20200101",NA,"Mercenaria mercenaria","Quahog",NA,"",3.5,13.9,"","10/1/20",39.218828,-75.364116,"Dredge","","","RW",-17.52472724,0.136381664,36.6998227,0.123232013,13.170093,0.222460406,10.85566822,0.04882916,NA,NA,NA,NA,3.380706002,"MIX","Chemical","","","","",NA,NA,"Quahog",-17.38992627,0.71883463318832,13.317560456,0.587811539487653,4
"228","DEEco","OM-06-30-1","OM-06-30-1",NA,"Ophidion marginatum","Striped Cusk Eel",NA,"",16.4,24.88,"","6/5/24",39.208666,-75.085,"Trawl","30","NJBAY","NM",-17.17141275,0.129014097,49.36775375,0.276622746,16.12965626,0.192824747,14.97750785,0.262341592,NA,NA,NA,NA,3.296126047,"dorsal muscle","LE","","","","",NA,NA,"Striped Cusk Eel",-17.31890491625,0.539925226747618,15.1771324875,0.661717399410473,4
"229","DEEco","OM-06-31N-2","OM-06-31N-2",NA,"Ophidion marginatum","Striped Cusk Eel",NA,"",9,3.19,"","6/5/24",39.191333,-75.037,"Trawl","31","NJBAY","NM",-17.6216054,0.129051085,39.66473197,0.172044294,15.70847865,0.19254801,12.46779542,0.194121726,NA,NA,NA,NA,3.181374944,"dorsal muscle","LE","","","","",NA,NA,"Striped Cusk Eel",-17.31890491625,0.539925226747618,15.1771324875,0.661717399410473,4
"230","DEEco","CSC-06-29A-4","CSC-06-29A-4",NA,"Callinectes sapidus","Blue Crab",NA,"",6.6,20.23,"","6/5/24",39.1911666,-75.1248333,"Trawl","29A","NJBAY","NM",-17.83116055,0.129069588,38.67881795,0.101671268,12.78737568,0.190945867,12.31402401,0.151534885,NA,NA,NA,NA,3.141038048,"claw muscle","LE","","","","",NA,NA,"Blue Crab",-17.86870506375,1.27481042911917,13.8458914845,1.05970010833205,4
"231","DEEco","CSC-06-29A-5","CSC-06-29A-5",NA,"Callinectes sapidus","Blue Crab",NA,"",5.4,11.23,"","6/5/24",39.1911666,-75.1248333,"Trawl","29A","NJBAY","NM",-18.24325227,0.129108357,45.86956336,0.23194072,14.24893236,0.191677793,13.87996812,0.227794335,NA,NA,NA,NA,3.304731175,"claw muscle","LE","","","","",NA,NA,"Blue Crab",-17.86870506375,1.27481042911917,13.8458914845,1.05970010833205,4
"232","DEEco","CSC-06-30-2","CSC-06-30-2",NA,"Callinectes sapidus","Blue Crab",NA,"",7.8,30.21,"","6/5/24",39.208666,-75.085,"Trawl","30","NJBAY","NM",-19.12157914,0.129201517,43.81957023,0.206055718,14.18560494,0.191643174,12.54279311,0.18644419,NA,NA,NA,NA,3.493605438,"claw muscle","LE","","","","",NA,NA,"Blue Crab",-17.86870506375,1.27481042911917,13.8458914845,1.05970010833205,4
"233","DEEco","CSC-06-30-3","CSC-06-30-3",NA,"Callinectes sapidus","Blue Crab",NA,"",6.5,23.48,"","6/5/24",39.208666,-75.085,"Trawl","30","NJBAY","NM",-17.80108087,0.129066882,25.50637092,0.044044541,14.33537932,0.191725473,8.184100142,0.073760642,NA,NA,NA,NA,3.116576102,"claw muscle","LE","","","","",NA,NA,"Blue Crab",-17.86870506375,1.27481042911917,13.8458914845,1.05970010833205,4
"234","DEEco","SP-06-30-2","SP-06-30-2",NA,"Symphurus plagiusa","Blackcheek Tonguefish",NA,"",6.4,2.58,"","6/5/24",39.208666,-75.085,"Trawl","30","NJBAY","NM",-18.70848477,0.129155918,43.64488963,0.235398014,14.11222555,0.191603387,12.51517888,0.204255272,NA,NA,NA,NA,3.487356438,"dorsal muscle","LE","","","","",NA,NA,"Blackcheek Tonguefish",-18.41888697,0.40955313639341,14.12900815,0.0237341805318827,4
"235","DEEco","TM-06-23A-2","TM-06-23A-2",NA,"Trinectes maculatus","Hogchoker",NA,"",6.5,4.63,"","6/6/24",39.2045,-75.169333,"Trawl","23A","NJBAY","NM",-23.08307395,0.129798888,47.62483849,0.263325847,14.65704241,0.191907174,14.50694857,0.252783744,NA,NA,NA,NA,3.282898417,"dorsal muscle","LE","","","","",NA,NA,"Hogchoker",-18.1648315892,2.94942785950457,15.0505785064,1.04804765259145,4
"236","DEEco","TM-06-29A-1","TM-06-29A-1",NA,"Trinectes maculatus","Hogchoker",NA,"",5.8,3.22,"","6/5/24",39.1911666,-75.1248333,"Trawl","29A","NJBAY","NM",-23.46909661,0.129872516,45.94761356,0.109638725,13.31711459,0.191194917,14.3906889,0.164556569,NA,NA,NA,NA,3.192871022,"dorsal muscle","LE","","","","",NA,NA,"Hogchoker",-18.1648315892,2.94942785950457,15.0505785064,1.04804765259145,4
"237","DEEco","TM-06-60-2","TM-06-60-2",NA,"Trinectes maculatus","Hogchoker",NA,"",10.5,11.55,"","6/5/24",39.0095,-74.955333,"Trawl","60","NJBAY","NM",-17.61057618,0.129050133,47.66785272,0.260668498,15.9718403,0.192719717,14.1457844,0.23981615,NA,NA,NA,NA,3.369756767,"dorsal muscle","LE","","","","",NA,NA,"Hogchoker",-18.1648315892,2.94942785950457,15.0505785064,1.04804765259145,4
"238","DEEco","TM-06-60-4","TM-06-60-4",NA,"Trinectes maculatus","Hogchoker",NA,"",11,14.5,"","6/5/24",39.0095,-74.955333,"Trawl","60","NJBAY","NM",-17.83817915,0.129070222,46.69121953,0.223003955,15.31645175,0.192300703,13.90568094,0.217250445,NA,NA,NA,NA,3.357708244,"dorsal muscle","LE","","","","",NA,NA,"Hogchoker",-18.1648315892,2.94942785950457,15.0505785064,1.04804765259145,4
"239","DEEco","CSC-06-23A-1","CSC-06-23A-1",NA,"Callinectes sapidus","Blue Crab",NA,"",8.3,27.69,"","6/6/24",39.2045,-75.169333,"Trawl","23A","NJBAY","NM",-18.0571945,0.129458278,41.18080765,0.4207593,14.3218812,0.193642365,13.31340465,0.320503002,NA,NA,NA,NA,3.093183804,"claw muscle","LE","","","","",NA,NA,"Blue Crab",-17.86870506375,1.27481042911917,13.8458914845,1.05970010833205,4
"240","DEEco","CSC-06-29A-1","CSC-06-29A-1",NA,"Callinectes sapidus","Blue Crab",NA,"",7,23.58,"","6/5/24",39.1911666,-75.1248333,"Trawl","29A","NJBAY","NM",-18.29331593,0.129485872,43.02076321,0.264225058,13.64368142,0.193275561,13.34119417,0.227709921,NA,NA,NA,NA,3.224656104,"claw muscle","LE","","","","",NA,NA,"Blue Crab",-17.86870506375,1.27481042911917,13.8458914845,1.05970010833205,4
"241","DEEco","CSC-06-29A-2","CSC-06-29A-2",NA,"Callinectes sapidus","Blue Crab",NA,"",8.2,30.55,"","6/5/24",39.1911666,-75.1248333,"Trawl","29A","NJBAY","NM",-18.1265924,0.129466426,42.15068394,0.453493153,13.79864101,0.193356471,13.4497695,0.330617282,NA,NA,NA,NA,3.133933554,"claw muscle","LE","","","","",NA,NA,"Blue Crab",-17.86870506375,1.27481042911917,13.8458914845,1.05970010833205,4
"242","DEEco","CSC-06-29A-3","CSC-06-29A-3",NA,"Callinectes sapidus","Blue Crab",NA,"",8.5,38.51,"","6/5/24",39.1911666,-75.1248333,"Trawl","29A","NJBAY","NM",-18.27153166,0.129483456,44.49314153,0.486365693,14.41344823,0.193694407,13.89724692,0.339963321,NA,NA,NA,NA,3.201579549,"claw muscle","LE","","","","",NA,NA,"Blue Crab",-17.86870506375,1.27481042911917,13.8458914845,1.05970010833205,4
"243","DEEco","CSC-06-30-1","CSC-06-30-1",NA,"Callinectes sapidus","Blue Crab",NA,"",9.6,51.06,"","6/5/24",39.208666,-75.085,"Trawl","30","NJBAY","NM",-18.14488617,0.129468708,43.80464869,0.328452366,14.24238894,0.193597672,14.09879183,0.284145042,11.29,0.38,1.07,0.014,3.106978897,"claw muscle","LE","","","","",NA,NA,"Blue Crab",-17.86870506375,1.27481042911917,13.8458914845,1.05970010833205,4
"244","DEEco","OM-06-31N-1","OM-06-31N-1",NA,"Ophidion marginatum","Striped Cusk Eel",NA,"",8,2.34,"","6/5/24",39.191333,-75.037,"Trawl","31","NJBAY","NM",-17.39027754,0.129386587,46.05198677,0.321391107,14.89241425,0.193976345,14.76924864,0.28453988,NA,NA,NA,NA,3.118099497,"dorsal muscle","LE","","","","",NA,NA,"Striped Cusk Eel",-17.31890491625,0.539925226747618,15.1771324875,0.661717399410473,4
"245","DEEco","OM-06-60-1","OM-06-60-1",NA,"Ophidion marginatum","Striped Cusk Eel",NA,"",8.4,2.36,"","6/5/24",39.0095,-74.955333,"Trawl","60","NJBAY","NM",-16.98794364,0.129346754,45.44598385,0.437191711,14.74651074,0.193888734,14.26163126,0.324254107,NA,NA,NA,NA,3.186590862,"dorsal muscle","LE","","","","",NA,NA,"Striped Cusk Eel",-17.31890491625,0.539925226747618,15.1771324875,0.661717399410473,4
"246","DEEco","SP-06-30-1","SP-06-30-1",NA,"Symphurus plagiusa","Blackcheek Tonguefish",NA,"",7,2.91,"","6/5/24",39.208666,-75.085,"Trawl","30","NJBAY","NM",-18.12928917,0.129469435,48.67222928,0.512030972,14.14579075,0.193543967,15.25694038,0.365563908,NA,NA,NA,NA,3.190169725,"dorsal muscle","LE","","","","",NA,NA,"Blackcheek Tonguefish",-18.41888697,0.40955313639341,14.12900815,0.0237341805318827,4
"247","DEEco","TM-06-23A-1","TM-06-23A-1",NA,"Trinectes maculatus","Hogchoker",NA,"",5.5,2.81,"","6/6/24",39.2045,-75.169333,"Trawl","23A","NJBAY","NM",-23.77455509,0.13040056,48.1314111,0.499642269,15.71651755,0.194499492,15.17719097,0.362297898,NA,NA,NA,NA,3.171299035,"dorsal muscle","LE","","","","",NA,NA,"Hogchoker",-18.1648315892,2.94942785950457,15.0505785064,1.04804765259145,4
"248","DEEco","TM-06-23A-3","TM-06-23A-3",NA,"Trinectes maculatus","Hogchoker",NA,"",6,3.53,"","6/6/24",39.2045,-75.169333,"Trawl","23A","NJBAY","NM",-26.49277397,0.131044703,49.46127597,0.619703472,11.26998217,0.288378856,15.14479649,0.398704892,NA,NA,NA,NA,3.265892414,"dorsal muscle","LE","","","","",NA,NA,"Hogchoker",-18.1648315892,2.94942785950457,15.0505785064,1.04804765259145,4
"249","DEEco","TM-06-30-1","TM-06-30-1",NA,"Trinectes maculatus","Hogchoker",NA,"",5.9,3.68,"","6/5/24",39.208666,-75.085,"Trawl","30","NJBAY","NM",-19.28203503,0.129614864,46.85800675,0.428281868,14.11761628,0.193528429,14.54342821,0.317828493,NA,NA,NA,NA,3.221936814,"dorsal muscle","LE","","","","",NA,NA,"Hogchoker",-18.1648315892,2.94942785950457,15.0505785064,1.04804765259145,4
"250","DEEco","TM-06-60-1","TM-06-60-1",NA,"Trinectes maculatus","Hogchoker",NA,"",11,13.12,"","6/5/24",39.0095,-74.955333,"Trawl","60","NJBAY","NM",-17.37047507,0.12938742,45.81852109,0.419601589,15.03026792,0.194060511,14.20884891,0.310656158,NA,NA,NA,NA,3.224646934,"dorsal muscle","LE","","","","",NA,NA,"Hogchoker",-18.1648315892,2.94942785950457,15.0505785064,1.04804765259145,4
"251","DEEco","TM-06-60-3","TM-06-60-3",NA,"Trinectes maculatus","Hogchoker",NA,"",10.4,10.89,"","6/5/24",39.0095,-74.955333,"Trawl","60","NJBAY","NM",-18.46565725,0.129510166,46.46081958,0.267853431,15.28484439,0.194219478,14.20856674,0.226931413,NA,NA,NA,NA,3.26991599,"dorsal muscle","LE","","","","",NA,NA,"Hogchoker",-18.1648315892,2.94942785950457,15.0505785064,1.04804765259145,4
"252","DEEco","TM-06-60-5","TM-06-60-5",NA,"Trinectes maculatus","Hogchoker",NA,"",9.9,10.39,"","6/5/24",39.0095,-74.955333,"Trawl","60","NJBAY","NM",-18.18436743,0.129476735,47.75550864,0.539359098,15.4367853,0.194316538,14.69509224,0.363176583,NA,NA,NA,NA,3.249759024,"dorsal muscle","LE","","","","",NA,NA,"Hogchoker",-18.1648315892,2.94942785950457,15.0505785064,1.04804765259145,4
"253","Whelk","SE-06-51-8","SE-06-51-8",NA,"","Mantis Shrimp",NA,"",14.2,27.23,"","",38.991667,-75.255667,"Trawl","51","DNREC","NM",-16.64,0.13,44.072,0.054754069,14.02,0.21,13.198,0.021876337,NA,NA,NA,NA,3.339320847,"Muscle","Chemical","None","","Environmental","",NA,NA,"Mantis Shrimp",-16.7925952816667,0.266483941474525,14.1678180316667,0.527621296553292,4
"254","Whelk","SE-06-51-1","SE-06-51-1",NA,"","Mantis Shrimp",NA,"",13.5,26.68,"","",38.991667,-75.255667,"Trawl","51","DNREC","NM",-17.14,0.13,42.11,0.055987464,13.92,0.19,12.313,0.018840075,NA,NA,NA,NA,3.419997853,"Muscle","Chemical","None","","Environmental","",NA,NA,"Mantis Shrimp",-16.7925952816667,0.266483941474525,14.1678180316667,0.527621296553292,4
"255","Whelk","LE-06-51-3","LE-06-51-3",NA,"","Spider Crab",NA,"",5.8,75.8,"","",38.991667,-75.255667,"Trawl","51","DNREC","NM",-16.69,0.14,39.637,0.069091635,14.29,0.19,11.212,0.018085304,NA,NA,NA,NA,3.535357852,"Muscle","Chemical","None","","Environmental","",NA,NA,"Spider Crab",-17.1979489255556,0.522087123927614,13.9878440722222,1.18891687579443,4
"256","Whelk","SE-06-51-7","SE-06-51-7",NA,"","Mantis Shrimp",NA,"",13.4,25.27,"","",38.991667,-75.255667,"Trawl","51","DNREC","NM",-16.76,0.15,44.464,0.08841437,14.55,0.19,13.712,0.021771296,NA,NA,NA,NA,3.242793645,"Muscle","Chemical","None","","Environmental","",NA,NA,"Mantis Shrimp",-16.7925952816667,0.266483941474525,14.1678180316667,0.527621296553292,4
"257","Whelk","CF-06-41-1","CF-06-41-1",NA,"","Limpet",NA,"",1.7,0.62,"","",39.0975,-75.245833,"Trawl","41","DNREC","NM",-19.58,0.14,41.046,0.066412338,9.94,0.19,12.403,0.018701045,NA,NA,NA,NA,3.309407359,"Muscle","Chemical","None","","Environmental","",NA,NA,"Limpet",-18.725185894,0.660556557386974,10.2781191987,0.441661129624118,2
"258","Whelk","SE-06-51-9","SE-06-51-9",NA,"","Mantis Shrimp",NA,"",13.4,23.91,"","",38.991667,-75.255667,"Trawl","51","DNREC","NM",-17.22,0.14,43.541,0.061556455,14.15,0.19,12.644,0.019026608,NA,NA,NA,NA,3.443681846,"Muscle","Chemical","None","","Environmental","",NA,NA,"Mantis Shrimp",-16.7925952816667,0.266483941474525,14.1678180316667,0.527621296553292,4
"259","Whelk","SE-06-51-2","SE-06-51-2",NA,"","Mantis Shrimp",NA,"",12.3,20.31,"","",38.991667,-75.255667,"Trawl","51","DNREC","NM",-16.31,0.14,40.87,0.065848108,14.34,0.19,12.173,0.018411335,NA,NA,NA,NA,3.357357492,"Muscle","Chemical","None","","Environmental","",NA,NA,"Mantis Shrimp",-16.7925952816667,0.266483941474525,14.1678180316667,0.527621296553292,4
"260","Whelk","SE-06-51-6","SE-06-51-6",NA,"","Mantis Shrimp",NA,"",12.1,21.43,"","",38.991667,-75.255667,"Trawl","51","DNREC","NM",-16.81,0.14,44.587,0.072198309,14.22,0.19,13.083,0.019918718,NA,NA,NA,NA,3.408158428,"Muscle","Chemical","None","","Environmental","",NA,NA,"Mantis Shrimp",-16.7925952816667,0.266483941474525,14.1678180316667,0.527621296553292,4
"261","Whelk","SE-06-41-1","SE-06-41-1",NA,"","Mantis Shrimp",NA,"",15.4,40.56,"","",39.0975,-75.245833,"Trawl","41","DNREC","NM",-16.77,0.14,43.974,0.070582523,14.76,0.19,13.634,0.020496315,NA,NA,NA,NA,3.225255154,"Muscle","Chemical","None","","Environmental","",NA,NA,"Mantis Shrimp",-16.7925952816667,0.266483941474525,14.1678180316667,0.527621296553292,4
"262","Whelk","SE-06-51-3","SE-06-51-3",NA,"","Mantis Shrimp",NA,"",12.8,22.94,"","",38.991667,-75.255667,"Trawl","51","DNREC","NM",-16.88,0.14,44.861,0.064111445,14.77,0.19,13.181,0.01984646,NA,NA,NA,NA,3.403326189,"Muscle","Chemical","None","","Environmental","",NA,NA,"Mantis Shrimp",-16.7925952816667,0.266483941474525,14.1678180316667,0.527621296553292,4
"263","Whelk","PP-06-41-1","PP-06-41-1",NA,"","Broad-clawed Hermit Crab",NA,"",6.5,9.57,"","",39.0975,-75.245833,"Trawl","41","DNREC","NM",-16.54,0.13,39.965,0.053840986,14.23,0.2,12.407,0.019503328,NA,NA,NA,NA,3.22113452,"Muscle","Chemical","None","","Environmental","",NA,NA,"Broad-clawed Hermit Crab",-17.1053098907692,0.92518548344755,11.8352671115385,1.64763039025059,1
"264","Whelk","SE-06-51-4","SE-06-51-4",NA,"","Mantis Shrimp",NA,"",11.1,14.33,"","",38.991667,-75.255667,"Trawl","51","DNREC","NM",-16.39,0.13,39.996,0.049733634,14.72,0.21,12.137,0.020305683,NA,NA,NA,NA,3.29527717,"Muscle","Chemical","None","","Environmental","",NA,NA,"Mantis Shrimp",-16.7925952816667,0.266483941474525,14.1678180316667,0.527621296553292,4
"265","Whelk","PP-06-41-3","PP-06-41-3",NA,"","Broad-clawed Hermit Crab",NA,"",5.3,6.92,"","",39.0975,-75.245833,"Trawl","41","DNREC","NM",-15.45,0.37,9.292,0.175261393,12.91,0.55,2.397,0.049575242,NA,NA,NA,NA,3.87617713,"Muscle","Chemical","None","","Environmental","",NA,NA,"Broad-clawed Hermit Crab",-17.1053098907692,0.92518548344755,11.8352671115385,1.64763039025059,1
"266","Whelk","SE-06-51-5","SE-06-51-5",NA,"","Mantis Shrimp",NA,"",14.5,31.92,"","",38.991667,-75.255667,"Trawl","51","DNREC","NM",-16.74,0.14,42.776,0.076657169,14.11,0.19,12.827,0.019922521,NA,NA,NA,NA,3.334704594,"Muscle","Chemical","None","","Environmental","",NA,NA,"Mantis Shrimp",-16.7925952816667,0.266483941474525,14.1678180316667,0.527621296553292,4
"267","Whelk","PP-06-41-4","PP-06-41-4",NA,"","Broad-clawed Hermit Crab",NA,"",3.9,3.67,"","",39.0975,-75.245833,"Trawl","41","DNREC","NM",-16.14,0.19,21.501,0.11865409,13.8,0.25,6.344,0.029709644,NA,NA,NA,NA,3.389405768,"Muscle","Chemical","None","","Environmental","",NA,NA,"Broad-clawed Hermit Crab",-17.1053098907692,0.92518548344755,11.8352671115385,1.64763039025059,1
"268","Whelk","PP-06-41-6","PP-06-41-6",NA,"","Broad-clawed Hermit Crab",NA,"",4,2.94,"","",39.0975,-75.245833,"Trawl","41","DNREC","NM",-16.37,0.14,38.194,0.067343297,14.1,0.19,11.622,0.017790482,NA,NA,NA,NA,3.286364087,"Muscle","Chemical","None","","Environmental","",NA,NA,"Broad-clawed Hermit Crab",-17.1053098907692,0.92518548344755,11.8352671115385,1.64763039025059,1
